player_id,transfer_date,transfer_season,from_club_id,to_club_id,from_club_name,to_club_name,transfer_fee,market_value_in_eur,name,date_of_birth,country_of_citizenship,position,height_in_cm,contract_expiration_date,highest_market_value_in_eur,age_at_transfer,is_owner_mogul,from_club_uefa_coeff,plays_left_foot,plays_right_foot,season_yellow_cards,season_red_cards,season_goals,season_assists,season_minutes_played
245625,2025-02-03,24/25,984,677,West Brom,Ipswich,2400000,1200000.0,Alex Palmer,8/10/1996 0:00,England,Goalkeeper,191.0,6/30/2028 0:00,1200000,28,0,,0.0,1.0,0,0,0,0,0
862297,2025-02-03,24/25,159,543,Red Star,Wolves,12000000,7000000.0,Nasser Djiga,11/15/2002 0:00,Burkina Faso,Defender,192.0,6/30/2030 0:00,7000000,22,0,,0.0,1.0,1,0,1,1,900
466805,2025-02-03,24/25,720,281,FC Porto,Man City,60000000,18000000.0,Nico González,1/3/2002 0:00,Spain,Midfield,188.0,6/30/2029 0:00,25000000,23,1,154.75,0.0,1.0,10,1,6,6,2171
1010854,2025-02-03,24/25,618,631,Saint-Étienne,Chelsea,15000000,5000000.0,Mathis Amougou,1/18/2006 0:00,France,Midfield,177.0,6/30/2033 0:00,6000000,19,1,26.468,0.0,1.0,2,0,0,0,857
414908,2025-02-03,24/25,1421,543,Stade Reims,Wolves,18000000,10000000.0,Marshall Munetsi,6/22/1996 0:00,Zimbabwe,Midfield,188.0,6/30/2028 0:00,12000000,28,0,26.468,0.0,1.0,5,0,4,2,1694
926952,2025-02-02,24/25,1005,985,Lecce,Man Utd,30000000,20000000.0,Patrick Dorgu,10/26/2004 0:00,Denmark,Defender,185.0,6/30/2030 0:00,20000000,20,1,,1.0,0.0,2,1,3,1,2000
1078163,2025-02-01,24/25,9249,985,Arsenal U21,Man Utd,1800000,300000.0,Ayden Heaven,9/22/2006 0:00,England,Defender,189.0,6/30/2029 0:00,300000,18,1,189.0,1.0,0.0,0,0,0,0,10
581330,2025-01-31,24/25,22,1237,Derby,Brighton,10750000,1800000.0,Eiran Cashin,11/9/2001 0:00,Ireland,Defender,184.0,6/30/2030 0:00,1800000,23,0,,1.0,0.0,0,0,0,0,60
1121298,2025-01-27,24/25,366,281,Real Valladolid,Man City,6000000,1000000.0,Juma Bah,4/11/2006 0:00,Sierra Leone,Defender,195.0,6/30/2025 0:00,1000000,18,1,,0.0,1.0,1,0,0,0,953
445939,2025-01-23,24/25,24,281,E. Frankfurt,Man City,75000000,60000000.0,Omar Marmoush,2/7/1999 0:00,Egypt,Attack,183.0,6/30/2029 0:00,60000000,25,1,107.0,0.0,1.0,3,0,20,14,2071
1063329,2025-01-21,24/25,3368,405,Levante,Aston Villa,7000000,1200000.0,Andrés García,2/7/2003 0:00,Spain,Defender,185.0,,1200000,21,1,,0.0,1.0,0,0,0,0,23
1005575,2025-01-21,24/25,1023,281,Palmeiras,Man City,37000000,14000000.0,Vitor Reis,1/12/2006 0:00,Brazil,Defender,186.0,6/30/2029 0:00,14000000,19,1,,0.0,1.0,0,0,0,0,0
763079,2025-01-20,24/25,826,281,Lens,Man City,40000000,12000000.0,Abdukodir Khusanov,2/29/2004 0:00,Uzbekistan,Defender,186.0,6/30/2029 0:00,12000000,20,1,26.468,0.0,1.0,2,1,0,0,1129
967319,2025-01-18,24/25,1028,873,Millwall,Crystal Palace,14200000,5000000.0,Romain Esse,5/13/2005 0:00,England,Midfield,178.0,6/30/2030 0:00,5000000,19,0,,1.0,0.0,0,0,1,0,135
665390,2025-01-15,24/25,405,677,Aston Villa,Ipswich,23700000,15000000.0,Jaden Philogene,2/8/2002 0:00,England,Attack,181.0,6/30/2029 0:00,15000000,22,0,47.25,0.0,1.0,4,0,0,0,534
592975,2025-01-15,24/25,130,1003,Parma,Leicester,3000000,2000000.0,Woyo Coulibaly,5/26/1999 0:00,France,Defender,182.0,6/30/2029 0:00,2000000,25,0,,1.0,1.0,1,1,0,2,1175
326029,2025-01-14,24/25,16,405,Bor. Dortmund,Aston Villa,25000000,28000000.0,Donyell Malen,1/19/1999 0:00,Netherlands,Attack,176.0,,40000000,25,1,191.75,0.0,1.0,2,0,5,1,957
986298,2025-01-09,24/25,1423,180,Valenciennes FC,Southampton,5000000,800000.0,Joachim Kayi Sanda,11/29/2006 0:00,France,Defender,186.0,6/30/2029 0:00,800000,18,0,,0.0,1.0,0,0,0,0,0
683895,2025-01-09,24/25,1421,543,Stade Reims,Wolves,20000000,10000000.0,Emmanuel Agbadou,6/17/1997 0:00,Cote d'Ivoire,Defender,192.0,6/30/2029 0:00,10000000,27,0,26.468,0.0,1.0,3,0,0,0,1260
1009658,2025-01-07,24/25,333,989,Lanús,Bournemouth,8000000,8000000.0,Julio Soler,2/16/2005 0:00,Argentina,Defender,175.0,,8000000,19,0,,1.0,0.0,0,0,0,0,0
725912,2025-01-05,24/25,62,148,Slavia Prague,Tottenham,16500000,12000000.0,Antonín Kinský,3/13/2003 0:00,Czech Republic,Goalkeeper,190.0,6/30/2031 0:00,12000000,21,1,,0.0,1.0,0,0,0,0,900
994604,2025-01-03,24/25,2440,989,D.C. United,Bournemouth,1500000,1000000.0,Matai Akinmboni,10/17/2006 0:00,United States,Defender,188.0,,1000000,18,0,,1.0,0.0,0,0,0,0,0
996897,2025-01-01,24/25,69261,1237,Miami,Brighton,13000000,12000000.0,Diego Gómez,3/27/2003 0:00,Paraguay,Midfield,185.0,,12000000,21,0,,0.0,1.0,0,0,0,0,0
340324,2024-08-30,24/25,11,873,Arsenal,Crystal Palace,29700000,30000000.0,Eddie Nketiah,5/30/1999 0:00,England,Attack,175.0,6/30/2029 0:00,35000000,25,0,189.0,0.0,1.0,4,0,6,3,1393
434224,2024-08-30,24/25,82,873,VfL Wolfsburg,Crystal Palace,18000000,20000000.0,Maxence Lacroix,4/6/2000 0:00,France,Defender,190.0,6/30/2029 0:00,28000000,24,0,46.5,0.0,1.0,6,2,4,1,2665
476701,2024-08-30,24/25,583,985,Paris SG,Man Utd,50000000,45000000.0,Manuel Ugarte,4/11/2001 0:00,Uruguay,Midfield,182.0,6/30/2029 0:00,60000000,23,1,231.5,0.0,1.0,7,0,0,3,2325
673492,2024-08-30,24/25,294,703,Benfica,Nottm Forest,11000000,15000000.0,Morato,6/30/2001 0:00,Brazil,Defender,192.0,6/30/2029 0:00,15000000,23,0,157.75,1.0,0.0,5,0,0,1,2262
341092,2024-08-29,24/25,506,31,Juventus,Liverpool,12000000,35000000.0,Federico Chiesa,10/25/1997 0:00,Italy,Attack,175.0,6/30/2028 0:00,70000000,26,1,191.25,0.0,1.0,1,0,10,3,2512
654982,2024-08-29,24/25,1184,1003,KRC Genk,Leicester,20500000,30000000.0,Bilal El Khannouss,5/10/2004 0:00,Morocco,Midfield,180.0,6/30/2028 0:00,30000000,20,0,41.0,0.0,1.0,4,0,3,6,2610
392591,2024-08-28,24/25,1031,677,Luton,Ipswich,9500000,8000000.0,Chiedozie Ogbene,5/1/1997 0:00,Ireland,Attack,181.0,6/30/2028 0:00,8000000,27,0,,0.0,1.0,1,0,5,1,2419
1086375,2024-08-28,24/25,210,1148,Grêmio,Brentford,12000000,10000000.0,Gustavo Nunes,11/20/2005 0:00,Brazil,Attack,173.0,6/30/2030 0:00,10000000,18,0,,0.0,1.0,0,0,0,0,0
338424,2024-08-27,24/25,681,11,Real Sociedad,Arsenal,32000000,50000000.0,Mikel Merino,6/22/1996 0:00,Spain,Midfield,189.0,6/30/2028 0:00,50000000,28,1,74.0,1.0,0.0,14,0,8,5,3601
502676,2024-08-27,24/25,1049,31,Valencia,Liverpool,30000000,45000000.0,Giorgi Mamardashvili,9/29/2000 0:00,Georgia,Goalkeeper,197.0,6/30/2025 0:00,45000000,23,1,54.0,1.0,0.0,3,1,0,0,3285
834397,2024-08-27,24/25,1184,631,KRC Genk,Chelsea,20000000,1000000.0,Mike Penders,7/31/2005 0:00,Belgium,Goalkeeper,200.0,6/30/2025 0:00,5000000,19,1,41.0,1.0,0.0,0,0,0,0,90
406634,2024-08-26,24/25,371,1237,Celtic,Brighton,29500000,20000000.0,Matt O'Riley,11/21/2000 0:00,Denmark,Midfield,189.0,6/30/2029 0:00,20000000,23,0,72.0,1.0,0.0,4,0,14,16,3782
401320,2024-08-25,24/25,1132,677,Burnley,Ipswich,14200000,7000000.0,Dara O'Shea,3/4/1999 0:00,Ireland,Defender,189.0,6/30/2029 0:00,10000000,25,0,41.131,0.0,1.0,5,1,4,4,3255
498237,2024-08-25,24/25,720,703,FC Porto,Nottm Forest,11000000,12000000.0,David Carmo,7/19/1999 0:00,Angola,Defender,196.0,6/30/2025 0:00,20000000,25,0,154.75,1.0,0.0,12,0,0,0,1420
369316,2024-08-24,24/25,36,1237,Fenerbahce,Brighton,30000000,30000000.0,Ferdi Kadıoğlu,10/7/1999 0:00,Türkiye,Defender,174.0,6/30/2028 0:00,30000000,24,0,78.75,0.0,1.0,3,0,2,5,3683
559794,2024-08-24,24/25,289,677,Sunderland,Ipswich,17700000,15000000.0,Jack Clarke,11/23/2000 0:00,England,Attack,181.0,6/30/2029 0:00,15000000,23,0,,0.0,1.0,0,0,0,0,0
108354,2024-08-23,24/25,873,1003,Crystal Palace,Leicester,5900000,4000000.0,Jordan Ayew,9/11/1991 0:00,Ghana,Attack,182.0,6/30/2026 0:00,10000000,32,0,,0.0,1.0,9,0,4,8,2676
260827,2024-08-23,24/25,873,931,Crystal Palace,Fulham,29500000,35000000.0,Joachim Andersen,5/31/1996 0:00,Denmark,Defender,192.0,6/30/2029 0:00,35000000,28,1,,0.0,1.0,8,0,2,3,3597
333014,2024-08-22,24/25,1132,931,Burnley,Fulham,23550000,20000000.0,Sander Berge,2/14/1998 0:00,Norway,Midfield,195.0,6/30/2029 0:00,22000000,26,1,41.131,0.0,1.0,11,0,2,2,3218
541231,2024-08-22,24/25,31,1148,Liverpool,Brentford,23600000,12000000.0,Sepp van den Berg,12/20/2001 0:00,Netherlands,Defender,192.0,6/30/2029 0:00,18000000,22,0,224.5,0.0,1.0,10,0,3,0,2880
462250,2024-08-21,24/25,13,631,Atlético Madrid,Chelsea,52000000,30000000.0,João Félix,11/10/1999 0:00,Portugal,Attack,181.0,6/30/2031 0:00,100000000,24,1,220.5,0.0,1.0,5,0,10,6,2143
406638,2024-08-19,24/25,148,1003,Tottenham,Leicester,23500000,15000000.0,Oliver Skipp,9/16/2000 0:00,England,Midfield,175.0,6/30/2029 0:00,20000000,23,0,155.25,0.0,1.0,4,0,0,0,861
538977,2024-08-19,24/25,399,1237,Leeds,Brighton,46700000,18000000.0,Georginio Rutter,4/20/2002 0:00,France,Attack,182.0,6/30/2028 0:00,28000000,22,0,,1.0,0.0,0,0,0,0,0
292139,2024-08-16,24/25,164,677,Blackburn,Ipswich,10600000,7000000.0,Sammie Szmodics,9/24/1995 0:00,Ireland,Midfield,168.0,6/30/2028 0:00,10000000,28,0,,0.0,1.0,0,0,0,0,0
711337,2024-08-16,24/25,720,989,FC Porto,Bournemouth,37000000,35000000.0,Evanilson,10/6/1999 0:00,Brazil,Attack,183.0,,35000000,24,0,154.75,1.0,1.0,5,1,17,6,2637
743498,2024-08-16,24/25,1132,148,Burnley,Tottenham,29300000,10000000.0,Wilson Odobert,11/28/2004 0:00,France,Attack,182.0,6/30/2029 0:00,18000000,19,1,41.131,0.0,1.0,3,0,4,3,2285
745191,2024-08-16,24/25,3938,703,CA Talleres,Nottm Forest,12000000,13000000.0,Ramón Sosa,8/31/1999 0:00,Paraguay,Attack,179.0,6/30/2029 0:00,13000000,24,0,,0.0,1.0,0,0,0,0,0
700106,2024-08-14,24/25,39,1237,1.FSV Mainz 05,Brighton,31500000,20000000.0,Brajan Gruda,5/31/2004 0:00,Germany,Attack,178.0,6/30/2028 0:00,25000000,20,0,32.223,1.0,0.0,5,0,4,3,1740
326031,2024-08-13,24/25,27,985,Bayern Munich,Man Utd,45000000,65000000.0,Matthijs de Ligt,8/12/1999 0:00,Netherlands,Defender,189.0,6/30/2029 0:00,75000000,25,1,271.25,0.0,1.0,5,0,2,1,1924
340456,2024-08-13,24/25,27,985,Bayern Munich,Man Utd,15000000,30000000.0,Noussair Mazraoui,11/14/1997 0:00,Morocco,Defender,183.0,6/30/2028 0:00,30000000,26,1,271.25,0.0,1.0,4,0,0,4,1982
477758,2024-08-13,24/25,985,379,Man Utd,West Ham,17600000,20000000.0,Aaron Wan-Bissaka,11/26/1997 0:00,England,Defender,183.0,6/30/2031 0:00,40000000,26,1,202.5,0.0,1.0,5,0,0,3,2411
513970,2024-08-13,24/25,131,989,Barcelona,Bournemouth,10000000,8000000.0,Julián Araujo,8/13/2001 0:00,Mexico,Defender,176.0,6/30/2029 0:00,8000000,23,0,231.25,0.0,1.0,6,1,2,0,1654
559263,2024-08-12,24/25,31,1148,Liverpool,Brentford,23400000,14000000.0,Fábio Carvalho,8/30/2002 0:00,Portugal,Midfield,170.0,6/30/2029 0:00,20000000,21,0,224.5,0.0,1.0,0,0,0,0,360
487465,2024-08-11,24/25,543,631,Wolves,Chelsea,60000000,55000000.0,Pedro Neto,3/9/2000 0:00,Portugal,Attack,173.0,6/30/2031 0:00,55000000,24,1,41.131,1.0,0.0,5,0,3,11,1729
258889,2024-08-10,24/25,989,148,Bournemouth,Tottenham,64300000,40000000.0,Dominic Solanke,9/14/1997 0:00,England,Attack,186.0,6/30/2030 0:00,45000000,26,1,,0.0,1.0,5,0,21,4,3553
609556,2024-08-08,24/25,350,762,Sheff Utd,Newcastle,11600000,3000000.0,William Osula,8/4/2003 0:00,Denmark,Attack,186.0,6/30/2029 0:00,7000000,21,1,,0.0,1.0,4,0,3,0,946
75489,2024-08-05,24/25,16,379,Bor. Dortmund,West Ham,27000000,15000000.0,Niclas Füllkrug,2/9/1993 0:00,Germany,Attack,189.0,6/30/2028 0:00,15000000,31,1,191.75,0.0,1.0,1,0,16,10,3605
474701,2024-08-03,24/25,399,379,Leeds,West Ham,29300000,20000000.0,Crysencio Summerville,10/30/2001 0:00,Netherlands,Attack,174.0,6/30/2029 0:00,22000000,22,1,,0.0,1.0,0,0,0,0,0
494880,2024-08-03,24/25,1050,931,Villarreal,Fulham,6700000,6000000.0,Jorge Cuenca,11/17/1999 0:00,Spain,Defender,190.0,6/30/2028 0:00,8000000,24,1,138.0,1.0,0.0,9,0,3,1,2655
392765,2024-08-02,24/25,11,931,Arsenal,Fulham,31800000,22000000.0,Emile Smith Rowe,7/28/2000 0:00,England,Midfield,182.0,6/30/2029 0:00,40000000,24,1,189.0,0.0,1.0,0,0,0,2,475
146509,2024-08-01,24/25,984,677,West Brom,Ipswich,590000,1500000.0,Conor Townsend,3/4/1993 0:00,England,Defender,183.0,6/30/2026 0:00,2500000,31,0,,1.0,0.0,0,0,0,0,0
410225,2024-08-01,24/25,244,873,Marseille,Crystal Palace,15000000,18000000.0,Ismaïla Sarr,2/25/1998 0:00,Senegal,Attack,185.0,6/30/2029 0:00,30000000,26,0,79.0,0.0,1.0,5,0,5,6,2074
663244,2024-08-01,24/25,2420,703,Vit. Guimarães,Nottm Forest,7000000,12000000.0,Jota Silva,8/1/1999 0:00,Portugal,Attack,179.0,6/30/2028 0:00,12000000,25,0,,0.0,1.0,9,0,12,6,3026
585323,2024-07-30,24/25,1050,631,Villarreal,Chelsea,24500000,20000000.0,Filip Jörgensen,4/16/2002 0:00,Denmark,Goalkeeper,192.0,6/30/2031 0:00,20000000,22,1,138.0,0.0,1.0,0,0,0,0,270
711544,2024-07-30,24/25,1041,29,Olympique Lyon,Everton,19500000,12000000.0,Jake O'Brien,5/15/2001 0:00,Ireland,Defender,197.0,6/30/2028 0:00,15000000,23,1,126.75,0.0,1.0,0,0,0,0,0
890290,2024-07-30,24/25,506,989,Juventus,Bournemouth,15200000,10000000.0,Dean Huijsen,4/14/2005 0:00,Spain,Defender,197.0,6/30/2030 0:00,12000000,19,0,191.25,1.0,1.0,0,0,0,0,0
502821,2024-07-29,24/25,1025,11,Bologna,Arsenal,45000000,45000000.0,Riccardo Calafiori,5/19/2002 0:00,Italy,Defender,188.0,6/30/2029 0:00,45000000,22,1,33.576,1.0,0.0,2,0,0,0,69
485706,2024-07-22,24/25,29,405,Everton,Aston Villa,59350000,50000000.0,Amadou Onana,8/16/2001 0:00,Belgium,Midfield,195.0,6/30/2029 0:00,55000000,22,1,41.131,0.0,1.0,10,0,1,2,2586
746833,2024-07-22,24/25,51663,631,Atlanta,Chelsea,10100000,5000000.0,Caleb Wiley,12/22/2004 0:00,United States,Defender,180.0,6/30/2025 0:00,8000000,19,1,115.5,,,0,0,0,0,0
665390,2024-07-19,24/25,3008,405,Hull City,Aston Villa,16000000,15000000.0,Jaden Philogene,2/8/2002 0:00,England,Attack,181.0,6/30/2029 0:00,15000000,22,1,,0.0,1.0,0,0,1,0,77
413507,2024-07-18,24/25,430,703,Fiorentina,Nottm Forest,12300000,15000000.0,Nikola Milenković,10/12/1997 0:00,Serbia,Defender,195.0,6/30/2029 0:00,35000000,26,0,81.0,0.0,1.0,5,0,2,1,2605
743591,2024-07-18,24/25,1095,281,Troyes,Man City,25000000,50000000.0,Savinho,4/10/2004 0:00,Brazil,Attack,176.0,6/30/2029 0:00,50000000,20,1,,1.0,0.0,0,0,0,2,151
923831,2024-07-18,24/25,1082,985,LOSC Lille,Man Utd,62000000,50000000.0,Leny Yoro,11/13/2005 0:00,France,Defender,190.0,6/30/2029 0:00,55000000,18,1,72.0,0.0,1.0,0,0,0,0,768
371021,2024-07-17,24/25,1132,677,Burnley,Ipswich,9550000,7000000.0,Arijanet Muric,11/7/1998 0:00,Kosovo,Goalkeeper,198.0,6/30/2028 0:00,12000000,25,0,41.131,0.0,1.0,0,0,0,0,0
435648,2024-07-14,24/25,1025,985,Bologna,Man Utd,42500000,50000000.0,Joshua Zirkzee,5/22/2001 0:00,Netherlands,Attack,193.0,6/30/2029 0:00,50000000,23,1,33.576,0.0,1.0,2,0,2,2,882
693095,2024-07-12,24/25,3008,677,Hull City,Ipswich,21500000,15000000.0,Jacob Greaves,9/12/2000 0:00,England,Defender,193.0,6/30/2029 0:00,20000000,23,0,,1.0,0.0,0,0,0,0,0
805714,2024-07-12,24/25,26,631,FC Basel,Chelsea,14000000,3000000.0,Renato Veiga,7/29/2003 0:00,Portugal,Defender,190.0,6/30/2031 0:00,8000000,20,1,91.5,1.0,0.0,3,0,0,0,638
533662,2024-07-11,24/25,350,405,Sheff Utd,Aston Villa,16650000,13000000.0,Cameron Archer,12/9/2001 0:00,England,Attack,175.0,6/30/2028 0:00,18000000,22,1,,0.0,1.0,0,0,0,0,66
461833,2024-07-09,24/25,800,1003,Atalanta BC,Leicester,14000000,8000000.0,Caleb Okoli,7/13/2001 0:00,Italy,Defender,191.0,6/30/2029 0:00,12000000,23,0,115.5,0.0,1.0,2,0,0,0,953
641458,2024-07-09,24/25,199,703,Corinthians,Nottm Forest,4000000,4000000.0,Carlos Miguel,10/9/1998 0:00,Brazil,Goalkeeper,204.0,6/30/2028 0:00,4000000,25,0,,1.0,0.0,0,0,0,0,0
525247,2024-07-06,24/25,543,379,Wolves,West Ham,47500000,32000000.0,Maximilian Kilman,5/23/1997 0:00,England,Defender,194.0,6/30/2031 0:00,38000000,27,1,41.131,1.0,0.0,3,0,0,0,3308
415381,2024-07-05,24/25,234,1237,Feyenoord,Brighton,32000000,30000000.0,Mats Wieffer,11/16/1999 0:00,Netherlands,Midfield,188.0,6/30/2029 0:00,30000000,24,0,88.0,0.0,1.0,9,0,3,7,2444
262749,2024-07-04,24/25,1148,11,Brentford,Arsenal,31900000,35000000.0,David Raya,9/15/1995 0:00,Spain,Goalkeeper,183.0,6/30/2028 0:00,35000000,28,1,,0.0,1.0,1,0,0,0,3420
623570,2024-07-03,24/25,244,29,Marseille,Everton,18000000,15000000.0,Iliman Ndiaye,3/6/2000 0:00,Senegal,Attack,180.0,6/30/2029 0:00,18000000,24,1,79.0,0.0,1.0,0,0,0,0,0
475188,2024-07-02,24/25,1003,631,Leicester,Chelsea,35400000,30000000.0,Kiernan Dewsbury-Hall,9/6/1998 0:00,England,Midfield,178.0,6/30/2029 0:00,30000000,25,1,45.0,1.0,0.0,5,0,2,2,2496
689637,2024-07-02,24/25,150,873,Real Betis,Crystal Palace,15000000,15000000.0,Chadi Riad,6/17/2003 0:00,Morocco,Defender,187.0,6/30/2029 0:00,15000000,21,0,62.25,1.0,0.0,0,0,0,0,1
922693,2024-07-02,24/25,399,148,Leeds,Tottenham,41250000,18000000.0,Archie Gray,3/12/2006 0:00,England,Defender,187.0,6/30/2030 0:00,25000000,18,1,,0.0,1.0,0,0,0,0,0
124419,2024-07-01,24/25,703,762,Nottm Forest,Newcastle,23600000,7000000.0,Odysseas Vlachodimos,4/26/1994 0:00,Greece,Goalkeeper,191.0,,18000000,30,1,,0.0,1.0,2,0,0,0,4588
131978,2024-07-01,24/25,1031,405,Luton,Aston Villa,5900000,8000000.0,Ross Barkley,12/5/1993 0:00,England,Midfield,189.0,,30000000,30,1,,0.0,1.0,1,0,4,2,921
251106,2024-07-01,24/25,3709,989,Getafe,Bournemouth,16500000,18000000.0,Enes Ünal,5/10/1997 0:00,Türkiye,Attack,187.0,6/30/2028 0:00,25000000,27,0,39.347,0.0,1.0,6,0,15,5,3223
485585,2024-07-01,24/25,631,405,Chelsea,Aston Villa,44500000,40000000.0,Ian Maatsen,3/10/2002 0:00,Netherlands,Defender,178.0,6/30/2030 0:00,40000000,22,1,192.0,1.0,0.0,0,0,0,0,0
512385,2024-07-01,24/25,399,989,Leeds,Bournemouth,23400000,17000000.0,Luis Sinisterra,6/17/1999 0:00,Colombia,Attack,172.0,,25000000,25,0,,0.0,1.0,3,0,6,0,956
567576,2024-07-01,24/25,762,703,Newcastle,Nottm Forest,41200000,15000000.0,Elliot Anderson,11/6/2002 0:00,England,Midfield,179.0,6/30/2029 0:00,22000000,21,0,41.131,0.0,1.0,0,0,0,1,458
581672,2024-07-01,24/25,506,405,Juventus,Aston Villa,14000000,13000000.0,Samuel Iling-Junior,10/4/2003 0:00,England,Attack,182.0,6/30/2025 0:00,13000000,20,1,191.25,1.0,0.0,2,0,1,2,562
617018,2024-07-01,24/25,159,703,Red Star,Nottm Forest,5500000,5000000.0,Marko Stamenic,2/19/2002 0:00,New Zealand,Midfield,188.0,6/30/2025 0:00,5000000,22,0,,1.0,1.0,0,0,0,0,0
627248,2024-07-01,24/25,29,405,Everton,Aston Villa,11800000,2500000.0,Lewis Dobbin,1/3/2003 0:00,England,Attack,175.0,5/31/2025 0:00,2500000,21,1,41.131,0.0,1.0,0,0,0,0,0
670858,2024-07-01,24/25,631,762,Chelsea,Newcastle,33000000,18000000.0,Lewis Hall,9/8/2004 0:00,England,Defender,179.0,,22000000,19,1,192.0,1.0,0.0,1,0,0,0,748
671915,2024-07-01,24/25,506,405,Juventus,Aston Villa,8000000,7500000.0,Enzo Barrenechea,5/22/2001 0:00,Argentina,Midfield,186.0,6/30/2025 0:00,7500000,23,1,191.25,0.0,1.0,0,0,0,0,166
696589,2024-07-01,24/25,405,29,Aston Villa,Everton,10700000,4000000.0,Tim Iroegbunam,6/30/2003 0:00,England,Midfield,183.0,6/30/2027 0:00,10000000,21,1,47.25,0.0,1.0,0,0,0,0,0
739443,2024-07-01,24/25,2282,1148,Club Brugge,Brentford,33000000,25000000.0,Igor Thiago,6/26/2001 0:00,Brazil,Attack,191.0,6/30/2029 0:00,25000000,23,0,100.25,0.0,1.0,0,0,1,1,171
741238,2024-07-01,24/25,631,677,Chelsea,Ipswich,23500000,7000000.0,Omari Hutchinson,10/30/2003 0:00,England,Attack,174.0,6/30/2029 0:00,18000000,20,0,192.0,1.0,0.0,0,0,0,0,49
864121,2024-07-01,24/25,336,1003,Sporting CP,Leicester,16250000,10000000.0,Issahaku Fatawu,3/8/2004 0:00,Ghana,Attack,177.0,6/30/2029 0:00,13000000,20,0,109.0,1.0,0.0,2,0,0,1,245
866246,2024-07-01,24/25,1044,148,Djurgården,Tottenham,10000000,10000000.0,Lucas Bergvall,2/2/2006 0:00,Sweden,Midfield,187.0,6/30/2029 0:00,12000000,18,1,35.5,0.0,1.0,0,0,0,0,0
897481,2024-07-01,24/25,35,703,FC St. Pauli,Nottm Forest,1500000,1000000.0,Eric da Silva Moreira,5/3/2006 0:00,Germany,Attack,185.0,6/30/2028 0:00,1000000,18,0,,0.0,1.0,0,0,0,0,0
938158,2024-07-01,24/25,131,631,Barcelona,Chelsea,6000000,7500000.0,Marc Guiu,1/4/2006 0:00,Spain,Attack,187.0,6/30/2029 0:00,7500000,18,1,231.25,0.0,1.0,0,0,0,0,0
991800,2024-07-01,24/25,1023,379,Palmeiras,West Ham,23000000,24000000.0,Luis Guilherme,2/9/2006 0:00,Brazil,Attack,175.0,6/30/2029 0:00,24000000,18,1,,1.0,0.0,0,0,0,0,0
1012534,2024-07-01,24/25,762,1237,Newcastle,Brighton,35000000,16000000.0,Yankuba Minteh,7/22/2004 0:00,The Gambia,Attack,180.0,6/30/2029 0:00,28000000,19,0,41.131,1.0,0.0,3,0,2,3,636
1110406,2024-07-01,24/25,2778,1237,Nordsjaelland,Brighton,19500000,12000000.0,Ibrahim Osman,11/29/2004 0:00,Ghana,Attack,179.0,6/30/2025 0:00,12000000,19,0,12.646,0.0,1.0,0,0,1,1,280
127202,2024-02-01,23/24,667,703,R. Strasbourg,Nottm Forest,8000000,7000000.0,Matz Sels,2/26/1992 0:00,Belgium,Goalkeeper,188.0,6/30/2027 0:00,8000000,31,0,25.065,0.0,1.0,2,0,0,0,1710
503743,2024-02-01,23/24,641,405,Middlesbrough,Aston Villa,9400000,2800000.0,Morgan Rogers,7/26/2002 0:00,England,Midfield,187.0,6/30/2030 0:00,22000000,21,1,,0.0,1.0,2,0,5,3,541
591844,2024-02-01,23/24,875,405,Adelaide United,Aston Villa,1500000,550000.0,Joe Gauci,7/4/2000 0:00,Australia,Goalkeeper,194.0,6/30/2028 0:00,1500000,23,1,,0.0,1.0,0,0,0,0,0
744149,2024-02-01,23/24,164,873,Blackburn,Crystal Palace,21100000,10000000.0,Adam Wharton,2/6/2004 0:00,England,Midfield,182.0,6/30/2029 0:00,30000000,20,0,,1.0,0.0,0,0,0,0,255
387191,2024-01-30,23/24,475,1031,Sint-Truiden,Luton,2000000,2000000.0,Daiki Hashioka,5/17/1999 0:00,Japan,Defender,184.0,,2000000,24,0,,0.0,1.0,4,0,2,2,1506
493003,2024-01-30,23/24,1184,873,KRC Genk,Crystal Palace,8000000,10000000.0,Daniel Muñoz,5/26/1996 0:00,Colombia,Defender,181.0,6/30/2027 0:00,23000000,27,0,41.0,0.0,1.0,6,0,5,2,1864
488935,2024-01-26,23/24,1101,1148,Elfsborg,Brentford,3000000,1800000.0,Hákon Rafn Valdimarsson,10/13/2001 0:00,Iceland,Goalkeeper,195.0,6/30/2028 0:00,2500000,22,0,8.48,0.0,1.0,0,0,0,0,0
848682,2024-01-22,23/24,159,405,Red Star,Aston Villa,7600000,2500000.0,Kosta Nedeljkovic,12/16/2005 0:00,Serbia,Defender,184.0,6/30/2029 0:00,8000000,18,1,,0.0,1.0,0,0,0,0,0
849410,2024-01-20,23/24,189,1237,Boca Juniors,Brighton,9150000,13000000.0,Valentín Barco,7/23/2004 0:00,Argentina,Defender,170.0,6/30/2025 0:00,13000000,19,0,,1.0,0.0,0,0,0,0,0
424900,2024-01-17,23/24,1032,1031,Reading,Luton,1170000,3500000.0,Tom Holmes,3/12/2000 0:00,England,Defender,189.0,,5000000,23,0,,0.0,1.0,0,0,0,0,90
568559,2024-01-11,23/24,252,148,Genoa,Tottenham,25000000,20000000.0,Radu Drăgușin,2/3/2002 0:00,Romania,Defender,191.0,6/30/2030 0:00,25000000,21,1,,0.0,1.0,1,0,2,1,1934
1141628,2024-01-11,23/24,2381,1148,Sivasspor,Brentford,4500000,1800000.0,Yunus Emre Konak,1/10/2006 0:00,Türkiye,Midfield,181.0,6/30/2029 0:00,3500000,18,0,16.5,0.0,1.0,2,0,0,1,1330
723835,2024-01-01,23/24,29831,1237,FCV Farul,Brighton,3000000,2500000.0,Adrian Mazilu,9/13/2005 0:00,Romania,Attack,186.0,6/30/2028 0:00,2500000,18,0,,1.0,0.0,1,0,0,1,331
124419,2023-09-01,23/24,294,703,Benfica,Nottm Forest,4900000,16000000.0,Odysseas Vlachodimos,4/26/1994 0:00,Greece,Goalkeeper,191.0,,18000000,29,0,147.0,0.0,1.0,2,0,0,0,4588
242631,2023-09-01,23/24,29,931,Everton,Fulham,25700000,28000000.0,Alex Iwobi,5/3/1996 0:00,Nigeria,Attack,183.0,6/30/2028 0:00,32000000,27,1,37.953,0.0,1.0,2,0,2,8,3433
253341,2023-09-01,23/24,11,873,Arsenal,Crystal Palace,1200000,8000000.0,Rob Holding,9/20/1995 0:00,England,Defender,189.0,6/30/2026 0:00,18000000,27,0,173.0,0.0,1.0,2,0,2,0,1310
336077,2023-09-01,23/24,36,985,Fenerbahce,Man Utd,5000000,11000000.0,Altay Bayındır,4/14/1998 0:00,Türkiye,Goalkeeper,198.0,6/30/2027 0:00,16000000,25,1,67.5,0.0,1.0,3,0,0,0,3420
375885,2023-09-01,23/24,383,703,PSV Eindhoven,Nottm Forest,35000000,35000000.0,Ibrahim Sangaré,12/2/1997 0:00,Cote d'Ivoire,Midfield,191.0,6/30/2028 0:00,35000000,25,0,91.0,0.0,1.0,6,0,8,3,3675
392768,2023-09-01,23/24,631,703,Chelsea,Nottm Forest,3500000,15000000.0,Callum Hudson-Odoi,11/7/2000 0:00,England,Attack,178.0,6/30/2026 0:00,35000000,22,0,183.0,0.0,1.0,0,0,1,1,1074
450050,2023-09-01,23/24,667,543,R. Strasbourg,Wolves,15000000,10000000.0,Jean-Ricner Bellegarde,6/27/1998 0:00,France,Midfield,172.0,6/30/2028 0:00,18000000,25,0,25.065,0.0,1.0,5,0,2,9,2429
470607,2023-09-01,23/24,703,148,Nottm Forest,Tottenham,55000000,38000000.0,Brennan Johnson,5/23/2001 0:00,Wales,Attack,186.0,6/30/2028 0:00,48000000,22,1,,0.0,1.0,7,0,8,3,2963
478573,2023-09-01,23/24,27,31,Bayern Munich,Liverpool,40000000,30000000.0,Ryan Gravenberch,5/16/2002 0:00,Netherlands,Midfield,190.0,6/30/2028 0:00,40000000,21,1,272.0,0.0,1.0,1,0,1,1,916
497291,2023-09-01,23/24,1025,703,Bologna,Nottm Forest,6650000,17000000.0,Nicolás Domínguez,6/28/1998 0:00,Argentina,Midfield,179.0,6/30/2028 0:00,17500000,25,0,,0.0,1.0,10,0,3,2,2485
568177,2023-09-01,23/24,281,631,Man City,Chelsea,47000000,18000000.0,Cole Palmer,5/6/2002 0:00,England,Midfield,185.0,6/30/2033 0:00,90000000,21,1,254.0,1.0,0.0,1,0,1,1,642
601883,2023-09-01,23/24,543,281,Wolves,Man City,62000000,45000000.0,Matheus Nunes,8/27/1998 0:00,Portugal,Midfield,183.0,6/30/2028 0:00,55000000,25,1,37.953,0.0,1.0,3,0,2,2,2730
621993,2023-09-01,23/24,1123,703,Norwich,Nottm Forest,12850000,6000000.0,Andrew Omobamidele,6/23/2002 0:00,Ireland,Defender,188.0,6/30/2028 0:00,11000000,21,0,,0.0,1.0,0,0,0,0,0
258919,2023-08-31,23/24,985,873,Man Utd,Crystal Palace,17500000,18000000.0,Dean Henderson,3/12/1997 0:00,England,Goalkeeper,188.0,6/30/2028 0:00,22000000,26,0,170.0,0.0,1.0,2,0,0,0,1620
430310,2023-08-31,23/24,28760,379,A. Klagenfurt,West Ham,1760000,800000.0,Andy Irving,5/13/2000 0:00,Scotland,Midfield,190.0,6/30/2026 0:00,2000000,23,1,,1.0,0.0,0,0,0,0,0
438001,2023-08-31,23/24,12321,543,Girona,Wolves,12000000,8000000.0,Santiago Bueno,11/9/1998 0:00,Uruguay,Defender,190.0,6/30/2028 0:00,8000000,24,0,,0.0,1.0,7,0,0,1,3119
1005649,2023-08-31,23/24,199,703,Corinthians,Nottm Forest,12000000,3500000.0,Murillo,7/4/2002 0:00,Brazil,Defender,184.0,6/30/2028 0:00,40000000,21,0,,1.0,0.0,0,0,0,0,0
1060740,2023-08-31,23/24,9875,543,Libertad,Wolves,6000000,1900000.0,Enso González,1/20/2005 0:00,Paraguay,Attack,169.0,6/30/2029 0:00,4000000,18,0,,1.0,0.0,0,0,0,0,0
381469,2023-08-30,23/24,2288,931,Swansea,Fulham,870000,400000.0,Steven Benda,10/1/1998 0:00,Germany,Goalkeeper,192.0,6/30/2026 0:00,1000000,24,1,,0.0,1.0,0,0,0,0,0
262226,2023-08-29,23/24,1003,931,Leicester,Fulham,13000000,25000000.0,Timothy Castagne,12/5/1995 0:00,Belgium,Defender,185.0,6/30/2027 0:00,28000000,27,1,45.0,0.0,1.0,3,0,2,3,3364
595809,2023-08-29,23/24,410,29,Udinese Calcio,Everton,25000000,25000000.0,Beto,1/31/1998 0:00,Guinea-Bissau,Attack,194.0,6/30/2027 0:00,25000000,25,1,,0.0,1.0,2,0,10,2,2195
973085,2023-08-29,23/24,1082,1237,LOSC Lille,Brighton,27000000,5000000.0,Carlos Baleba,1/3/2004 0:00,Cameroon,Midfield,179.0,6/30/2028 0:00,22000000,19,0,52.0,1.0,0.0,3,1,0,2,472
543499,2023-08-27,23/24,610,379,Ajax,West Ham,43000000,40000000.0,Mohammed Kudus,8/2/2000 0:00,Ghana,Attack,177.0,6/30/2028 0:00,50000000,23,1,137.5,1.0,0.0,3,0,17,7,2666
465555,2023-08-26,23/24,626,631,New England,Chelsea,16000000,6000000.0,Djordje Petrovic,10/8/1999 0:00,Serbia,Goalkeeper,194.0,6/30/2025 0:00,20000000,23,1,,0.0,1.0,0,0,0,0,0
486049,2023-08-24,23/24,273,281,Stade Rennais,Man City,60000000,28000000.0,Jérémy Doku,5/27/2002 0:00,Belgium,Attack,173.0,6/30/2028 0:00,65000000,21,1,,0.0,1.0,0,0,6,4,1522
1082850,2023-08-24,23/24,221,631,Santos,Chelsea,16000000,4000000.0,Deivid Washington,6/5/2005 0:00,Brazil,Attack,187.0,6/30/2030 0:00,9000000,18,1,2.441,0.0,1.0,0,0,0,0,0
338635,2023-08-22,23/24,58,1132,RSC Anderlecht,Burnley,3000000,2000000.0,Hannes Delcroix,2/28/1999 0:00,Belgium,Defender,183.0,6/30/2026 0:00,4000000,24,0,60.5,1.0,0.0,1,0,1,0,1371
415912,2023-08-22,23/24,79,379,VfB Stuttgart,West Ham,20000000,15000000.0,Konstantinos Mavropanos,12/11/1997 0:00,Greece,Defender,194.0,6/30/2028 0:00,20000000,25,1,,0.0,1.0,10,0,2,1,2500
332705,2023-08-20,23/24,399,989,Leeds,Bournemouth,26900000,18000000.0,Tyler Adams,2/14/1999 0:00,United States,Midfield,175.0,6/30/2028 0:00,20000000,24,0,,0.0,1.0,6,0,0,0,2292
146310,2023-08-18,23/24,79,31,VfB Stuttgart,Liverpool,20000000,6500000.0,Wataru Endo,2/9/1993 0:00,Japan,Midfield,178.0,6/30/2027 0:00,13000000,30,1,,0.0,1.0,3,0,6,5,3253
628451,2023-08-18,23/24,180,631,Southampton,Chelsea,62100000,32000000.0,Roméo Lavia,1/6/2004 0:00,Belgium,Midfield,181.0,6/30/2030 0:00,50000000,19,1,37.953,0.0,1.0,9,0,1,0,2377
181579,2023-08-14,23/24,180,379,Southampton,West Ham,34800000,38000000.0,James Ward-Prowse,11/1/1994 0:00,England,Midfield,177.0,6/30/2025 0:00,38000000,28,1,37.953,0.0,1.0,7,0,10,5,3493
687626,2023-08-14,23/24,1237,631,Brighton,Chelsea,116000000,75000000.0,Moisés Caicedo,11/2/2001 0:00,Ecuador,Midfield,178.0,6/30/2031 0:00,90000000,21,1,37.953,0.0,1.0,11,0,1,1,3531
743498,2023-08-12,23/24,1095,1132,Troyes,Burnley,12000000,6000000.0,Wilson Odobert,11/28/2004 0:00,France,Attack,182.0,6/30/2029 0:00,18000000,18,0,,0.0,1.0,0,0,4,2,1765
670688,2023-08-11,23/24,336,29,Sporting CP,Everton,12500000,3000000.0,Chermiti,5/24/2004 0:00,Portugal,Attack,192.0,6/30/2027 0:00,9000000,19,1,104.5,0.0,1.0,4,0,3,2,971
401356,2023-08-10,23/24,610,379,Ajax,West Ham,38000000,35000000.0,Edson Álvarez,10/24/1997 0:00,Mexico,Midfield,190.0,6/30/2028 0:00,35000000,25,1,137.5,0.0,1.0,17,0,4,3,3609
469958,2023-08-10,23/24,512,1031,Stoke City,Luton,2900000,6000000.0,Jacob Brown,4/10/1998 0:00,Scotland,Attack,178.0,6/30/2027 0:00,6000000,25,0,,0.0,1.0,0,0,0,0,0
471690,2023-08-10,23/24,1123,989,Norwich,Bournemouth,8100000,16000000.0,Max Aarons,1/4/2000 0:00,England,Defender,177.0,,22000000,23,0,,0.0,1.0,0,0,0,0,0
855256,2023-08-10,23/24,698,989,Bristol City,Bournemouth,23000000,20000000.0,Alex Scott,8/21/2003 0:00,England,Midfield,178.0,6/30/2028 0:00,20000000,19,0,,0.0,1.0,0,0,0,0,0
333014,2023-08-09,23/24,350,1132,Sheff Utd,Burnley,13900000,20000000.0,Sander Berge,2/14/1998 0:00,Norway,Midfield,195.0,6/30/2029 0:00,22000000,25,0,,0.0,1.0,0,0,0,0,0
425306,2023-08-09,23/24,11,703,Arsenal,Nottm Forest,8150000,8000000.0,Matt Turner,6/24/1994 0:00,United States,Goalkeeper,191.0,6/30/2025 0:00,10000000,29,0,173.0,0.0,1.0,1,0,0,0,630
503981,2023-08-08,23/24,180,762,Southampton,Newcastle,37200000,25000000.0,Tino Livramento,11/12/2002 0:00,England,Defender,182.0,6/30/2028 0:00,35000000,20,1,37.953,0.0,1.0,0,0,0,0,26
557459,2023-08-08,23/24,82,148,VfL Wolfsburg,Tottenham,40000000,30000000.0,Micky van de Ven,4/19/2001 0:00,Netherlands,Defender,193.0,6/30/2029 0:00,55000000,22,1,62.5,1.0,0.0,7,0,1,2,3150
888493,2023-08-08,23/24,1418,148,Rosario Central,Tottenham,15000000,7000000.0,Alejo Veliz,9/19/2003 0:00,Argentina,Attack,186.0,6/30/2025 0:00,11000000,19,1,,0.0,1.0,0,0,0,0,0
403151,2023-08-05,23/24,1237,631,Brighton,Chelsea,23000000,22000000.0,Robert Sánchez,11/18/1997 0:00,Spain,Goalkeeper,197.0,6/30/2030 0:00,32000000,25,1,37.953,0.0,1.0,2,0,0,0,2280
475959,2023-08-05,23/24,23826,281,RB Leipzig,Man City,90000000,75000000.0,Josko Gvardiol,1/23/2002 0:00,Croatia,Defender,185.0,6/30/2028 0:00,80000000,21,1,119.0,1.0,0.0,2,1,3,0,3005
610442,2023-08-05,23/24,800,985,Atalanta BC,Man Utd,73900000,45000000.0,Rasmus Højlund,2/4/2003 0:00,Denmark,Attack,191.0,6/30/2028 0:00,65000000,20,1,94.5,1.0,0.0,1,0,11,4,2062
743597,2023-08-05,23/24,614,873,Flamengo,Crystal Palace,20000000,9000000.0,Matheus França,4/1/2004 0:00,Brazil,Midfield,184.0,6/30/2028 0:00,15000000,19,0,,0.0,1.0,0,0,0,0,0
859951,2023-08-05,23/24,164,148,Blackburn,Tottenham,2300000,2000000.0,Ashley Phillips,6/26/2005 0:00,England,Defender,196.0,5/31/2025 0:00,3000000,18,1,,0.0,1.0,0,0,0,0,0
386047,2023-08-04,23/24,162,631,Monaco,Chelsea,45000000,30000000.0,Axel Disasi,3/11/1998 0:00,France,Defender,190.0,6/30/2029 0:00,42000000,25,1,86.0,0.0,1.0,3,0,6,4,4290
77757,2023-08-03,23/24,164,1031,Blackburn,Luton,2900000,2200000.0,Thomas Kaminski,10/23/1992 0:00,Belgium,Goalkeeper,190.0,,3000000,30,0,,,,0,0,0,0,0
711999,2023-08-01,23/24,273,631,Stade Rennais,Chelsea,27000000,9000000.0,Lesley Ugochukwu,3/26/2004 0:00,France,Midfield,190.0,5/31/2025 0:00,25000000,19,1,,0.0,1.0,5,1,0,1,1829
461883,2023-07-28,23/24,610,931,Ajax,Fulham,22500000,15000000.0,Calvin Bassey,12/31/1999 0:00,Nigeria,Defender,185.0,6/30/2027 0:00,18000000,23,1,137.5,1.0,0.0,7,1,0,3,3861
504581,2023-07-28,23/24,543,1031,Wolves,Luton,5850000,9000000.0,Ryan Giles,1/26/2000 0:00,England,Defender,183.0,6/30/2027 0:00,9000000,23,0,37.953,1.0,0.0,0,0,0,0,0
380350,2023-07-26,23/24,430,1237,Fiorentina,Brighton,16150000,10000000.0,Igor,2/7/1998 0:00,Brazil,Defender,188.0,6/30/2027 0:00,17000000,25,0,81.0,1.0,0.0,4,0,0,1,2629
206040,2023-07-25,23/24,543,931,Wolves,Fulham,6400000,6000000.0,Raúl Jiménez,5/5/1991 0:00,Mexico,Attack,187.0,6/30/2025 0:00,50000000,32,1,37.953,0.0,1.0,9,0,6,5,2686
583189,2023-07-25,23/24,985,703,Man Utd,Nottm Forest,17500000,18000000.0,Anthony Elanga,4/27/2002 0:00,Sweden,Attack,178.0,6/30/2028 0:00,25000000,21,0,170.0,0.0,1.0,0,0,3,2,1429
745461,2023-07-25,23/24,10773,1132,RCD Espanyol B,Burnley,3000000,1000000.0,Luca Koleosho,9/15/2004 0:00,Italy,Attack,175.0,6/30/2027 0:00,7000000,18,0,38.611,0.0,1.0,0,0,0,0,0
398065,2023-07-23,23/24,1003,762,Leicester,Newcastle,44000000,35000000.0,Harvey Barnes,12/9/1997 0:00,England,Attack,182.0,6/30/2028 0:00,35000000,25,1,45.0,0.0,1.0,2,0,8,12,2593
395516,2023-07-22,23/24,15,405,B. Leverkusen,Aston Villa,55000000,50000000.0,Moussa Diaby,7/7/1999 0:00,France,Attack,170.0,6/30/2029 0:00,60000000,24,1,151.0,1.0,0.0,13,0,17,15,3669
234509,2023-07-20,23/24,46,985,Inter,Man Utd,50200000,35000000.0,André Onana,4/2/1996 0:00,Cameroon,Goalkeeper,190.0,6/30/2028 0:00,45000000,27,1,132.0,0.0,1.0,0,0,0,0,900
324882,2023-07-20,23/24,405,1031,Aston Villa,Luton,2900000,4000000.0,Marvelous Nakamba,1/19/1994 0:00,Zimbabwe,Midfield,177.0,6/30/2026 0:00,10000000,29,0,37.953,1.0,0.0,5,0,0,0,904
730861,2023-07-20,23/24,1090,989,AZ Alkmaar,Bournemouth,17870000,15000000.0,Milos Kerkez,11/7/2003 0:00,Hungary,Defender,180.0,6/30/2028 0:00,20000000,19,0,60.5,1.0,0.0,0,0,0,1,176
548729,2023-07-19,23/24,26,1132,FC Basel,Burnley,18600000,10000000.0,Zeki Amdouni,12/4/2000 0:00,Switzerland,Attack,185.0,6/30/2025 0:00,15000000,22,0,106.5,1.0,1.0,0,0,0,0,0
743598,2023-07-16,23/24,221,631,Santos,Chelsea,15000000,13000000.0,Ângelo,12/21/2004 0:00,Brazil,Attack,180.0,6/30/2029 0:00,15000000,18,1,2.441,1.0,0.0,0,0,0,0,0
357662,2023-07-15,23/24,379,11,West Ham,Arsenal,116600000,90000000.0,Declan Rice,1/14/1999 0:00,England,Midfield,188.0,6/30/2028 0:00,120000000,24,1,71.5,0.0,1.0,11,0,5,4,4332
344830,2023-07-14,23/24,337,1031,Birmingham,Luton,4700000,3200000.0,Tahith Chong,12/4/1999 0:00,Netherlands,Attack,185.0,,7000000,23,0,,1.0,0.0,0,0,0,0,0
420243,2023-07-14,23/24,610,11,Ajax,Arsenal,40000000,42000000.0,Jurrien Timber,6/17/2001 0:00,Netherlands,Defender,179.0,6/30/2028 0:00,45000000,22,1,137.5,0.0,1.0,3,0,3,2,3588
555076,2023-07-13,23/24,1041,989,Olympique Lyon,Bournemouth,15000000,10000000.0,Romain Faivre,7/14/1998 0:00,France,Midfield,180.0,6/30/2025 0:00,15000000,25,0,105.5,1.0,0.0,1,0,10,5,2943
399776,2023-07-12,23/24,1050,405,Villarreal,Aston Villa,33000000,45000000.0,Pau Torres,1/16/1997 0:00,Spain,Defender,192.0,6/30/2028 0:00,50000000,26,1,150.0,1.0,0.0,6,0,6,1,4146
346483,2023-07-05,23/24,631,985,Chelsea,Man Utd,64200000,60000000.0,Mason Mount,1/10/1999 0:00,England,Midfield,181.0,6/30/2028 0:00,75000000,24,1,183.0,0.0,1.0,4,0,13,15,3481
469050,2023-07-04,23/24,543,1148,Wolves,Brentford,26850000,22000000.0,Nathan Collins,4/30/2001 0:00,Ireland,Defender,193.0,6/30/2029 0:00,25000000,22,0,37.953,0.0,1.0,2,1,2,0,1670
397033,2023-07-03,23/24,5,762,AC Milan,Newcastle,58900000,50000000.0,Sandro Tonali,5/8/2000 0:00,Italy,Midfield,181.0,6/30/2028 0:00,60000000,23,1,78.0,0.0,1.0,11,0,5,3,3150
407021,2023-07-03,23/24,349,1031,Barnsley FC,Luton,3500000,2000000.0,Mads Andersen,12/27/1997 0:00,Denmark,Defender,194.0,,5000000,25,0,,0.0,1.0,0,0,0,0,0
565093,2023-07-03,23/24,58,1237,RSC Anderlecht,Brighton,20000000,10000000.0,Bart Verbruggen,8/18/2002 0:00,Netherlands,Goalkeeper,194.0,6/30/2028 0:00,22000000,20,0,60.5,0.0,1.0,0,0,0,0,0
451276,2023-07-02,23/24,23826,31,RB Leipzig,Liverpool,70000000,50000000.0,Dominik Szoboszlai,10/25/2000 0:00,Hungary,Midfield,187.0,6/30/2028 0:00,75000000,22,1,119.0,0.0,1.0,2,0,10,10,2217
51471,2023-07-01,23/24,631,281,Chelsea,Man City,29100000,38000000.0,Mateo Kovacic,5/6/1994 0:00,Croatia,Midfield,177.0,6/30/2027 0:00,45000000,29,1,183.0,0.0,1.0,5,0,2,6,2572
108725,2023-07-01,23/24,762,703,Newcastle,Nottm Forest,17000000,8000000.0,Chris Wood,12/7/1991 0:00,New Zealand,Attack,191.0,6/30/2025 0:00,18000000,31,0,37.953,0.0,1.0,1,0,5,0,2752
125714,2023-07-01,23/24,60,1148,SC Freiburg,Brentford,13000000,10000000.0,Mark Flekken,6/13/1993 0:00,Netherlands,Goalkeeper,195.0,6/30/2027 0:00,12000000,30,0,31.71,1.0,1.0,0,0,0,0,3510
286047,2023-07-01,23/24,749,148,FC Empoli,Tottenham,18500000,16000000.0,Guglielmo Vicario,10/7/1996 0:00,Italy,Goalkeeper,194.0,6/30/2028 0:00,35000000,26,1,,0.0,1.0,1,0,0,0,3510
294057,2023-07-01,23/24,1003,148,Leicester,Tottenham,46300000,60000000.0,James Maddison,11/23/1996 0:00,England,Midfield,175.0,6/30/2028 0:00,70000000,26,1,45.0,0.0,1.0,5,0,14,11,2996
309400,2023-07-01,23/24,631,11,Chelsea,Arsenal,75000000,55000000.0,Kai Havertz,6/11/1999 0:00,Germany,Attack,193.0,6/30/2028 0:00,90000000,24,1,183.0,1.0,0.0,7,0,12,6,2991
330659,2023-07-01,23/24,12,989,AS Roma,Bournemouth,10800000,14000000.0,Justin Kluivert,5/5/1999 0:00,Netherlands,Attack,172.0,6/30/2028 0:00,25000000,24,0,182.0,1.0,1.0,6,1,4,5,1878
344381,2023-07-01,23/24,23826,631,RB Leipzig,Chelsea,60000000,80000000.0,Christopher Nkunku,11/14/1997 0:00,France,Midfield,177.0,6/30/2029 0:00,80000000,25,1,119.0,0.0,1.0,2,0,36,21,4363
391065,2023-07-01,23/24,6574,989,Sassuolo,Bournemouth,25620000,22000000.0,Hamed Junior Traorè,2/16/2000 0:00,Cote d'Ivoire,Midfield,177.0,6/30/2025 0:00,22000000,23,0,33.001,0.0,1.0,4,0,8,4,1840
401320,2023-07-01,23/24,984,1132,West Brom,Burnley,7800000,5000000.0,Dara O'Shea,3/4/1999 0:00,Ireland,Defender,189.0,6/30/2029 0:00,10000000,24,0,,0.0,1.0,0,0,0,0,0
403898,2023-07-01,23/24,18,1132,Bor. M'gladbach,Burnley,15000000,16000000.0,Jordan Beyer,5/19/2000 0:00,Germany,Defender,187.0,6/30/2027 0:00,16000000,23,0,,0.0,1.0,5,0,0,1,1416
431755,2023-07-01,23/24,506,148,Juventus,Tottenham,30000000,50000000.0,Dejan Kulusevski,4/25/2000 0:00,Sweden,Midfield,186.0,6/30/2028 0:00,55000000,23,1,204.0,1.0,0.0,5,0,7,11,2367
444208,2023-07-01,23/24,2288,1132,Swansea,Burnley,4000000,5000000.0,Michael Obafemi,7/6/2000 0:00,Ireland,Attack,170.0,5/31/2025 0:00,5000000,23,0,,0.0,1.0,0,0,0,0,0
473050,2023-07-01,23/24,60,1148,SC Freiburg,Brentford,25000000,25000000.0,Kevin Schade,11/27/2001 0:00,Germany,Attack,185.0,6/30/2028 0:00,25000000,21,0,31.71,0.0,1.0,4,0,5,2,1019
517894,2023-07-01,23/24,13,543,Atlético Madrid,Wolves,50000000,25000000.0,Matheus Cunha,5/27/1999 0:00,Brazil,Attack,183.0,6/30/2027 0:00,45000000,24,0,216.0,0.0,1.0,4,0,7,7,1343
534033,2023-07-01,23/24,1237,31,Brighton,Liverpool,42000000,65000000.0,Alexis Mac Allister,12/24/1998 0:00,Argentina,Midfield,176.0,6/30/2028 0:00,75000000,24,1,37.953,0.0,1.0,4,0,5,2,2207
553875,2023-07-01,23/24,336,148,Sporting CP,Tottenham,40000000,40000000.0,Pedro Porro,9/13/1999 0:00,Spain,Defender,173.0,6/30/2028 0:00,45000000,23,1,104.5,0.0,1.0,8,0,5,5,2201
626724,2023-07-01,23/24,1010,1237,Watford,Brighton,34200000,32000000.0,João Pedro,9/26/2001 0:00,Brazil,Attack,182.0,6/30/2028 0:00,50000000,21,0,,0.0,1.0,1,0,4,1,1712
649020,2023-07-01,23/24,347,543,FC Metz,Wolves,11000000,5000000.0,Boubacar Traoré,8/20/2001 0:00,Mali,Midfield,183.0,6/30/2027 0:00,6000000,21,0,,0.0,1.0,9,0,1,1,1722
776890,2023-07-01,23/24,1050,631,Villarreal,Chelsea,37000000,30000000.0,Nicolas Jackson,6/20/2001 0:00,Senegal,Attack,187.0,6/30/2033 0:00,40000000,22,1,150.0,0.0,1.0,0,0,0,0,0
1012534,2023-07-01,23/24,173,762,Odense BK,Newcastle,8000000,2000000.0,Yankuba Minteh,7/22/2004 0:00,The Gambia,Attack,180.0,6/30/2029 0:00,28000000,18,1,,1.0,0.0,0,0,0,0,0
71292,2023-01-31,22/23,762,703,Newcastle,Nottm Forest,6500000,7000000.0,Jonjo Shelvey,2/27/1992 0:00,England,Midfield,184.0,6/30/2025 0:00,18000000,30,0,,0.0,1.0,0,0,0,0,34
102017,2023-01-31,22/23,631,11,Chelsea,Arsenal,11300000,35000000.0,Jorginho,12/20/1991 0:00,Italy,Midfield,178.0,6/30/2025 0:00,65000000,31,1,236.0,0.0,1.0,4,0,3,0,1760
156501,2023-01-31,22/23,13,703,Atlético Madrid,Nottm Forest,2300000,3000000.0,Felipe,5/16/1989 0:00,Brazil,Defender,190.0,,32000000,33,0,233.0,0.0,1.0,0,0,0,0,283
245056,2023-01-31,22/23,416,931,Torino,Fulham,9800000,13000000.0,Saša Lukić,8/13/1996 0:00,Serbia,Midfield,182.0,6/30/2027 0:00,15000000,26,1,31.635,0.0,1.0,4,0,3,1,1485
272855,2023-01-31,22/23,1184,180,KRC Genk,Southampton,18000000,15000000.0,Paul Onuachu,5/28/1994 0:00,Nigeria,Attack,201.0,6/30/2026 0:00,22000000,28,0,45.0,0.0,1.0,3,0,16,0,1182
538971,2023-01-31,22/23,79,873,VfB Stuttgart,Crystal Palace,12000000,5500000.0,Naouirou Ahamada,3/29/2002 0:00,France,Midfield,183.0,6/30/2025 0:00,10000000,20,0,30.781,0.0,1.0,3,0,2,2,1408
648195,2023-01-31,22/23,294,631,Benfica,Chelsea,121000000,55000000.0,Enzo Fernández,1/17/2001 0:00,Argentina,Midfield,178.0,6/30/2032 0:00,85000000,22,1,170.0,0.0,1.0,6,0,3,7,2178
659089,2023-01-31,22/23,338,989,Dynamo Kyiv,Bournemouth,22700000,15000000.0,Ilya Zabarnyi,9/1/2002 0:00,Ukraine,Defender,189.0,6/30/2029 0:00,32000000,20,0,99.0,0.0,1.0,5,1,0,0,2057
746695,2023-01-31,22/23,273,180,Stade Rennais,Southampton,25000000,18000000.0,Kamaldeen Sulemana,2/15/2002 0:00,Ghana,Attack,175.0,6/30/2027 0:00,22000000,20,0,44.0,0.0,1.0,1,0,1,2,502
667287,2023-01-30,22/23,272,1237,AIK,Brighton,4000000,4000000.0,Yasin Ayari,10/6/2003 0:00,Sweden,Midfield,172.0,6/30/2027 0:00,6000000,19,0,10.5,0.0,1.0,0,0,1,0,263
735570,2023-01-30,22/23,614,543,Flamengo,Wolves,18700000,15000000.0,João Gomes,2/12/2001 0:00,Brazil,Midfield,176.0,6/30/2028 0:00,40000000,21,0,,0.0,1.0,0,0,0,0,0
503733,2023-01-29,22/23,29,762,Everton,Newcastle,45600000,40000000.0,Anthony Gordon,2/24/2001 0:00,England,Attack,183.0,,60000000,21,1,37.835,0.0,1.0,6,0,3,0,1106
620322,2023-01-29,22/23,1041,631,Olympique Lyon,Chelsea,30000000,15000000.0,Malo Gusto,5/19/2003 0:00,France,Defender,178.0,6/30/2030 0:00,35000000,19,1,120.5,0.0,1.0,1,0,0,1,1296
583255,2023-01-27,22/23,698,989,Bristol City,Bournemouth,10250000,3000000.0,Antoine Semenyo,1/7/2000 0:00,Ghana,Attack,185.0,6/30/2029 0:00,20000000,23,0,,0.0,1.0,1,0,1,0,210
324223,2023-01-26,22/23,1031,180,Luton,Southampton,850000,3000000.0,James Bree,12/11/1997 0:00,England,Defender,,6/30/2026 0:00,3000000,25,0,,0.0,1.0,0,0,0,0,180
136401,2023-01-25,22/23,698,543,Bristol City,Wolves,57000,1800000.0,Daniel Bentley,7/13/1993 0:00,England,Goalkeeper,193.0,6/30/2027 0:00,4000000,29,0,,,,0,0,0,0,0
425918,2023-01-23,22/23,3522,11,Spezia Calcio,Arsenal,19500000,8000000.0,Jakub Kiwior,2/15/2000 0:00,Poland,Defender,189.0,6/30/2028 0:00,30000000,22,1,,1.0,0.0,3,0,0,0,1717
649317,2023-01-23,22/23,432,405,Chicago,Aston Villa,16640000,6000000.0,Jhon Durán,12/13/2003 0:00,Colombia,Attack,185.0,6/30/2030 0:00,35000000,19,1,,1.0,0.0,0,0,0,0,0
668547,2023-01-23,22/23,1029,281,Vélez Sarsfield,Man City,11000000,8500000.0,Máximo Perrone,1/7/2003 0:00,Argentina,Midfield,177.0,6/30/2025 0:00,10000000,20,1,,1.0,0.0,0,0,0,0,0
121477,2023-01-22,22/23,379,543,West Ham,Wolves,3750000,2500000.0,Craig Dawson,5/6/1990 0:00,England,Defender,188.0,6/30/2025 0:00,8000000,32,0,53.5,0.0,1.0,3,0,0,0,810
134294,2023-01-20,22/23,405,379,Aston Villa,West Ham,12000000,16000000.0,Danny Ings,7/23/1992 0:00,England,Attack,177.0,6/30/2025 0:00,22000000,30,1,,0.0,1.0,3,0,6,1,890
144028,2023-01-20,22/23,1237,11,Brighton,Arsenal,24000000,30000000.0,Leandro Trossard,12/4/1994 0:00,Belgium,Attack,172.0,6/30/2026 0:00,38000000,28,1,,0.0,1.0,1,0,7,3,1327
503987,2023-01-20,22/23,383,631,PSV Eindhoven,Chelsea,35000000,15000000.0,Noni Madueke,3/10/2002 0:00,England,Attack,182.0,6/30/2030 0:00,35000000,20,1,84.0,1.0,0.0,2,0,2,0,472
564529,2023-01-20,22/23,190,1003,FC Copenhagen,Leicester,14000000,4000000.0,Victor Kristiansen,12/16/2002 0:00,Denmark,Defender,181.0,6/30/2028 0:00,15000000,20,0,74.5,1.0,0.0,6,0,1,1,1656
823231,2023-01-19,22/23,1158,989,FC Lorient,Bournemouth,22500000,10000000.0,Dango Ouattara,2/11/2002 0:00,Burkina Faso,Attack,177.0,6/30/2028 0:00,25000000,20,0,,1.0,0.0,3,0,6,6,1553
74230,2023-01-17,22/23,583,543,Paris SG,Wolves,5000000,20000000.0,Pablo Sarabia,5/11/1992 0:00,Spain,Attack,174.0,6/30/2025 0:00,40000000,30,0,223.0,1.0,0.0,2,0,0,0,452
808509,2023-01-16,22/23,1023,703,Palmeiras,Nottm Forest,20000000,25000000.0,Danilo,4/29/2001 0:00,Brazil,Midfield,177.0,6/30/2029 0:00,28000000,21,0,,1.0,0.0,0,0,0,0,0
537860,2023-01-15,22/23,660,631,Shakhtar D.,Chelsea,70000000,40000000.0,Mykhaylo Mudryk,1/5/2001 0:00,Ukraine,Attack,175.0,6/30/2031 0:00,60000000,22,1,146.0,0.0,1.0,5,1,10,8,1433
538977,2023-01-14,22/23,533,399,TSG Hoffenheim,Leeds,40500000,16000000.0,Georginio Rutter,4/20/2002 0:00,France,Attack,182.0,6/30/2028 0:00,28000000,20,0,30.781,1.0,0.0,2,0,2,2,1101
170934,2023-01-13,22/23,417,543,OGC Nice,Wolves,11000000,7000000.0,Mario Lemina,9/1/1993 0:00,Gabon,Midfield,184.0,6/30/2025 0:00,15000000,29,0,28.5,0.0,1.0,1,1,0,0,1012
193098,2023-01-11,22/23,150,405,Real Betis,Aston Villa,13500000,20000000.0,Àlex Moreno,6/8/1993 0:00,Spain,Defender,179.0,5/31/2025 0:00,20000000,29,1,49.0,1.0,0.0,1,0,0,3,1417
748319,2023-01-11,22/23,1444,180,Racing Club,Southampton,13650000,8500000.0,Carlos Alcaraz,11/30/2002 0:00,Argentina,Midfield,183.0,6/30/2029 0:00,15000000,20,0,,0.0,1.0,0,0,0,0,0
119150,2023-01-06,22/23,419,180,Dinamo Zagreb,Southampton,5750000,10000000.0,Mislav Orsic,12/29/1992 0:00,Croatia,Attack,179.0,6/30/2025 0:00,12000000,30,0,72.5,0.0,1.0,1,0,5,1,806
463603,2023-01-05,22/23,162,631,Monaco,Chelsea,38000000,40000000.0,Benoît Badiashile,3/26/2001 0:00,France,Defender,194.0,6/30/2030 0:00,40000000,21,1,86.0,1.0,0.0,5,0,2,0,1289
263361,2023-01-03,22/23,409,399,RB Salzburg,Leeds,12000000,12000000.0,Maximilian Wöber,2/4/1998 0:00,Austria,Defender,188.0,6/30/2027 0:00,14000000,24,0,114.5,1.0,0.0,0,0,0,1,166
434675,2023-01-01,22/23,383,31,PSV Eindhoven,Liverpool,42000000,60000000.0,Cody Gakpo,5/7/1999 0:00,Netherlands,Attack,193.0,6/30/2028 0:00,60000000,23,1,84.0,0.0,1.0,1,0,12,15,1887
743600,2023-01-01,22/23,978,631,Vasco da Gama,Chelsea,12500000,10000000.0,Andrey Santos,5/3/2004 0:00,Brazil,Midfield,180.0,6/30/2025 0:00,25000000,18,1,,0.0,1.0,0,0,0,0,0
787232,2023-01-01,22/23,687,631,Molde FK,Chelsea,12000000,7000000.0,David Datro Fofana,12/22/2002 0:00,Cote d'Ivoire,Attack,180.0,6/30/2025 0:00,12000000,20,1,36.5,0.0,1.0,0,0,1,0,354
967948,2023-01-01,22/23,6954,762,Central Coast,Newcastle,350000,800000.0,Garang Kuol,9/15/2004 0:00,Australia,Attack,175.0,6/30/2026 0:00,800000,18,1,,0.0,1.0,0,0,0,0,0
983989,2023-01-01,22/23,1418,1237,Rosario Central,Brighton,6000000,9000000.0,Facundo Buonanotte,12/23/2004 0:00,Argentina,Midfield,174.0,6/30/2025 0:00,18000000,18,0,,1.0,0.0,0,0,0,0,0
58864,2022-09-01,22/23,131,631,Barcelona,Chelsea,12000000,15000000.0,Pierre-Emerick Aubameyang,6/18/1989 0:00,Gabon,Attack,187.0,6/30/2026 0:00,75000000,33,1,271.0,0.0,1.0,3,0,17,2,2554
126665,2022-09-01,22/23,583,29,Paris SG,Everton,4000000,12000000.0,Idrissa Gueye,9/26/1989 0:00,Senegal,Midfield,174.0,6/30/2025 0:00,30000000,32,1,223.0,0.0,1.0,5,0,4,1,2044
142310,2022-09-01,22/23,543,703,Wolves,Nottm Forest,2600000,6000000.0,Willy Boly,2/3/1991 0:00,Cote d'Ivoire,Defender,195.0,6/30/2025 0:00,18000000,31,0,37.835,0.0,1.0,1,0,0,0,900
168157,2022-09-01,22/23,543,405,Wolves,Aston Villa,15000000,28000000.0,Leander Dendoncker,4/15/1995 0:00,Belgium,Midfield,188.0,6/30/2025 0:00,32000000,27,1,37.835,0.0,1.0,4,0,2,2,2112
238266,2022-09-01,22/23,244,180,Marseille,Southampton,8000000,16000000.0,Duje Caleta-Car,9/17/1996 0:00,Croatia,Defender,193.0,6/30/2027 0:00,25000000,25,0,73.0,0.0,1.0,6,0,2,1,2331
284730,2022-09-01,22/23,16,281,Bor. Dortmund,Man City,20000000,30000000.0,Manuel Akanji,7/19/1995 0:00,Switzerland,Defender,188.0,6/30/2027 0:00,45000000,27,1,184.0,0.0,1.0,3,0,1,0,3031
292808,2022-09-01,22/23,1421,1003,Stade Reims,Leicester,17000000,10000000.0,Wout Faes,4/3/1998 0:00,Belgium,Defender,187.0,6/30/2027 0:00,20000000,24,0,23.515,0.0,1.0,2,0,4,0,3330
423744,2022-09-01,22/23,631,1237,Chelsea,Brighton,8300000,12000000.0,Billy Gilmour,6/11/2001 0:00,Scotland,Midfield,170.0,6/30/2029 0:00,18000000,21,0,236.0,0.0,1.0,2,0,0,2,1959
505219,2022-09-01,22/23,985,29,Man Utd,Everton,10400000,7000000.0,James Garner,3/13/2001 0:00,England,Midfield,182.0,6/30/2026 0:00,22000000,21,1,209.0,0.0,1.0,1,0,0,2,358
506470,2022-09-01,22/23,1181,703,Blackpool,Nottm Forest,2300000,2000000.0,Josh Bowler,3/5/1999 0:00,England,Attack,184.0,6/30/2025 0:00,2000000,23,0,,1.0,0.0,0,0,0,0,0
525287,2022-09-01,22/23,294,931,Benfica,Fulham,5000000,8000000.0,Carlos Vinícius,3/25/1995 0:00,Brazil,Attack,190.0,6/30/2025 0:00,20000000,27,1,170.0,1.0,0.0,8,0,7,7,1466
369567,2022-08-31,22/23,79,543,VfB Stuttgart,Wolves,18000000,25000000.0,Sasa Kalajdzic,7/7/1997 0:00,Austria,Attack,200.0,6/30/2027 0:00,25000000,25,0,30.781,0.0,1.0,2,0,6,2,1221
475411,2022-08-31,22/23,1003,631,Leicester,Chelsea,80400000,40000000.0,Wesley Fofana,12/17/2000 0:00,France,Defender,186.0,6/30/2029 0:00,65000000,21,1,45.0,0.0,1.0,2,0,0,0,630
355915,2022-08-30,22/23,800,148,Atalanta BC,Tottenham,52000000,48000000.0,Cristian Romero,4/27/1998 0:00,Argentina,Defender,185.0,6/30/2027 0:00,65000000,24,1,66.5,0.0,1.0,10,0,1,0,2223
602105,2022-08-30,22/23,610,985,Ajax,Man Utd,95000000,35000000.0,Antony,2/24/2000 0:00,Brazil,Attack,172.0,6/30/2027 0:00,75000000,22,1,164.5,1.0,0.0,6,0,13,10,2610
444523,2022-08-29,22/23,1041,379,Olympique Lyon,West Ham,42950000,35000000.0,Lucas Paquetá,8/27/1997 0:00,Brazil,Midfield,180.0,6/30/2027 0:00,65000000,25,1,120.5,1.0,0.0,4,0,11,7,3277
217115,2022-08-26,22/23,1237,29,Brighton,Everton,11800000,18000000.0,Neal Maupay,8/14/1996 0:00,France,Attack,171.0,6/30/2025 0:00,22000000,26,1,,0.0,1.0,7,0,9,2,2484
260166,2022-08-26,22/23,40,703,G. Bordeaux,Nottm Forest,4000000,7000000.0,Ui-jo Hwang,8/28/1992 0:00,"Korea, South",Attack,185.0,6/30/2025 0:00,7000000,30,0,23.515,1.0,1.0,3,0,11,2,2525
349066,2022-08-26,22/23,681,762,Real Sociedad,Newcastle,70000000,30000000.0,Alexander Isak,9/21/1999 0:00,Sweden,Attack,192.0,6/30/2028 0:00,75000000,22,1,48.5,0.0,1.0,7,0,10,3,2761
181778,2022-08-23,22/23,631,379,Chelsea,West Ham,15400000,14000000.0,Emerson,8/3/1994 0:00,Italy,Defender,176.0,6/30/2026 0:00,30000000,28,1,236.0,1.0,0.0,4,1,1,2,2857
16306,2022-08-22,22/23,418,985,Real Madrid,Man Utd,70650000,40000000.0,Casemiro,2/23/1992 0:00,Brazil,Midfield,185.0,6/30/2026 0:00,80000000,30,1,381.0,0.0,1.0,16,0,1,4,3928
429014,2022-08-19,22/23,543,703,Wolves,Nottm Forest,29500000,11000000.0,Morgan Gibbs-White,1/27/2000 0:00,England,Midfield,171.0,6/30/2027 0:00,40000000,22,0,37.835,0.0,1.0,1,0,0,0,7
622380,2022-08-19,22/23,46,631,Inter,Chelsea,14860000,1000000.0,Cesare Casadei,1/10/2003 0:00,Italy,Midfield,192.0,6/30/2028 0:00,12000000,19,1,133.0,0.0,1.0,0,0,0,0,0
601883,2022-08-18,22/23,336,543,Sporting CP,Wolves,47400000,35000000.0,Matheus Nunes,8/27/1998 0:00,Portugal,Midfield,183.0,6/30/2028 0:00,55000000,23,0,93.5,0.0,1.0,8,0,3,4,3304
228948,2022-08-17,22/23,583,379,Paris SG,West Ham,12000000,22000000.0,Thilo Kehrer,9/21/1996 0:00,Germany,Defender,186.0,6/30/2028 0:00,35000000,25,1,223.0,1.0,1.0,2,0,2,0,1660
349599,2022-08-16,22/23,1050,1237,Villarreal,Brighton,17800000,20000000.0,Pervis Estupiñán,1/21/1998 0:00,Ecuador,Defender,175.0,6/30/2027 0:00,35000000,24,0,137.0,1.0,0.0,5,0,0,2,2345
366930,2022-08-16,22/23,58,281,RSC Anderlecht,Man City,15000000,10000000.0,Sergio Gómez,9/4/2000 0:00,Spain,Attack,171.0,6/30/2030 0:00,15000000,21,1,68.5,1.0,0.0,4,0,5,11,3095
556385,2022-08-16,22/23,410,148,Udinese Calcio,Tottenham,18000000,17000000.0,Destiny Udogie,11/28/2002 0:00,Italy,Defender,188.0,6/30/2030 0:00,45000000,19,1,31.635,1.0,0.0,4,0,5,3,2694
148252,2022-08-14,22/23,800,703,Atalanta BC,Nottm Forest,8300000,20000000.0,Remo Freuler,4/15/1992 0:00,Switzerland,Midfield,180.0,6/30/2026 0:00,25000000,30,0,66.5,0.0,1.0,10,0,2,6,3528
448854,2022-08-13,22/23,1010,703,Watford,Nottm Forest,14800000,14000000.0,Emmanuel Dennis,11/15/1997 0:00,Nigeria,Attack,175.0,6/30/2026 0:00,17000000,24,0,,0.0,1.0,9,0,10,6,2590
272622,2022-08-10,22/23,379,931,West Ham,Fulham,17800000,10000000.0,Issa Diop,1/9/1997 0:00,France,Defender,194.0,6/30/2027 0:00,35000000,25,1,53.5,0.0,1.0,2,0,1,2,1729
540941,2022-08-10,22/23,1038,1148,Sampdoria,Brentford,15000000,15000000.0,Mikkel Damsgaard,7/3/2000 0:00,Denmark,Attack,180.0,6/30/2027 0:00,20000000,22,0,31.635,0.0,1.0,1,0,0,0,613
485706,2022-08-09,22/23,1082,29,LOSC Lille,Everton,39870000,10000000.0,Amadou Onana,8/16/2001 0:00,Belgium,Midfield,195.0,6/30/2029 0:00,55000000,20,1,35.0,0.0,1.0,2,1,1,0,1602
225122,2022-08-08,22/23,1049,543,Valencia,Wolves,32600000,40000000.0,Gonçalo Guedes,11/29/1996 0:00,Portugal,Attack,179.0,6/30/2027 0:00,40000000,25,0,79.0,0.0,1.0,3,0,13,6,3003
469781,2022-08-08,22/23,234,989,Feyenoord,Bournemouth,15000000,17000000.0,Marcos Senesi,5/10/1997 0:00,Argentina,Defender,185.0,6/30/2026 0:00,22000000,25,0,79.5,1.0,0.0,4,0,2,2,2939
234781,2022-08-05,22/23,1132,379,Burnley,West Ham,20700000,15000000.0,Maxwel Cornet,9/27/1996 0:00,Cote d'Ivoire,Attack,179.0,6/30/2025 0:00,18000000,25,1,37.835,1.0,0.0,4,0,9,1,1841
284857,2022-08-05,22/23,1237,631,Brighton,Chelsea,65300000,28000000.0,Marc Cucurella,7/22/1998 0:00,Spain,Defender,173.0,6/30/2028 0:00,55000000,24,1,,1.0,0.0,6,0,1,1,3269
659459,2022-08-04,22/23,405,631,Aston Villa,Chelsea,18000000,6000000.0,Carney Chukwuemeka,10/20/2003 0:00,England,Midfield,187.0,6/30/2028 0:00,15000000,18,1,,0.0,1.0,0,0,0,1,294
72476,2022-08-02,22/23,11,931,Arsenal,Fulham,3600000,9000000.0,Bernd Leno,3/4/1992 0:00,Germany,Goalkeeper,190.0,6/30/2027 0:00,35000000,30,1,171.0,0.0,1.0,0,0,0,0,450
656316,2022-08-02,22/23,432,631,Chicago,Chelsea,9090000,3000000.0,Gabriel Slonina,5/15/2004 0:00,United States,Goalkeeper,193.0,5/31/2025 0:00,9000000,18,1,,0.0,1.0,0,0,0,0,0
399434,2022-08-01,22/23,641,989,Middlesbrough,Bournemouth,11900000,4500000.0,Marcus Tavernier,3/22/1999 0:00,England,Midfield,178.0,6/30/2028 0:00,20000000,23,0,,1.0,0.0,0,0,0,0,0
289592,2022-07-31,22/23,79,703,VfB Stuttgart,Nottm Forest,13000000,15000000.0,Orel Mangala,3/18/1998 0:00,Belgium,Midfield,178.0,6/30/2025 0:00,22000000,24,0,30.781,0.0,1.0,4,0,1,3,2380
584769,2022-07-28,22/23,1132,29,Burnley,Everton,17000000,18000000.0,Dwight McNeil,11/22/1999 0:00,England,Attack,183.0,6/30/2027 0:00,25000000,22,1,37.835,1.0,0.0,2,0,2,5,3248
183321,2022-07-27,22/23,82,931,VfL Wolfsburg,Fulham,5500000,9000000.0,Kevin Mbabu,4/19/1995 0:00,Switzerland,Defender,184.0,6/30/2026 0:00,14000000,27,1,62.5,0.0,1.0,7,0,0,1,1824
480762,2022-07-27,22/23,610,985,Ajax,Man Utd,57370000,32000000.0,Lisandro Martínez,1/18/1998 0:00,Argentina,Defender,175.0,6/30/2027 0:00,50000000,24,1,164.5,1.0,0.0,6,0,3,1,2950
578539,2022-07-27,22/23,27,873,Bayern Munich,Crystal Palace,12000000,7500000.0,Chris Richards,3/28/2000 0:00,United States,Defender,188.0,6/30/2027 0:00,12000000,22,0,314.0,0.0,1.0,1,0,0,2,1357
315867,2022-07-26,22/23,6574,379,Sassuolo,West Ham,38600000,30000000.0,Gianluca Scamacca,1/1/1999 0:00,Italy,Attack,195.0,6/30/2027 0:00,35000000,23,1,31.635,0.0,1.0,1,0,12,2,1644
557612,2022-07-25,22/23,40,180,G. Bordeaux,Southampton,11500000,3000000.0,Sékou Mara,7/30/2002 0:00,France,Attack,184.0,6/30/2029 0:00,12000000,20,0,23.515,0.0,1.0,0,0,1,2,225
203853,2022-07-22,22/23,281,11,Man City,Arsenal,35000000,25000000.0,Oleksandr Zinchenko,12/15/1996 0:00,Ukraine,Defender,175.0,6/30/2026 0:00,42000000,25,1,246.0,1.0,0.0,1,0,0,1,2150
198516,2022-07-20,22/23,1110,703,Huddersfield,Nottm Forest,2400000,2500000.0,Harry Toffolo,8/19/1995 0:00,England,Defender,183.0,6/30/2025 0:00,5000000,26,0,,1.0,0.0,0,0,0,0,0
560694,2022-07-20,22/23,1110,703,Huddersfield,Nottm Forest,9400000,3500000.0,Lewis O'Brien,10/14/1998 0:00,England,Midfield,173.0,12/31/2024 0:00,8000000,23,0,,1.0,0.0,0,0,0,0,0
483348,2022-07-19,22/23,641,148,Middlesbrough,Tottenham,14700000,8000000.0,Djed Spence,8/9/2000 0:00,England,Defender,184.0,6/30/2028 0:00,13000000,21,1,,0.0,1.0,0,0,0,0,0
631996,2022-07-17,22/23,6478,703,LD Alajuelense,Nottm Forest,950000,125000.0,Brandon Aguilera,6/28/2003 0:00,Costa Rica,Midfield,179.0,6/30/2027 0:00,325000,19,0,,1.0,0.0,0,0,0,0,0
134425,2022-07-13,22/23,281,631,Man City,Chelsea,56200000,70000000.0,Raheem Sterling,12/8/1994 0:00,England,Attack,170.0,5/31/2025 0:00,160000000,27,1,246.0,0.0,1.0,5,0,13,12,3582
469050,2022-07-12,22/23,1132,543,Burnley,Wolves,24300000,10000000.0,Nathan Collins,4/30/2001 0:00,Ireland,Defender,193.0,6/30/2029 0:00,25000000,21,0,37.835,0.0,1.0,0,0,0,0,0
644401,2022-07-12,22/23,3008,1148,Hull City,Brentford,19000000,12000000.0,Keane Lewis-Potter,2/22/2001 0:00,England,Attack,170.0,6/30/2028 0:00,18000000,21,0,37.835,0.0,1.0,0,0,0,0,0
203394,2022-07-11,22/23,985,931,Man Utd,Fulham,9500000,7500000.0,Andreas Pereira,1/1/1996 0:00,Brazil,Midfield,178.0,6/30/2026 0:00,20000000,26,1,209.0,0.0,1.0,7,0,1,4,828
543387,2022-07-11,22/23,826,873,Lens,Crystal Palace,22600000,15000000.0,Cheick Doucouré,1/8/2000 0:00,Mali,Midfield,180.0,6/30/2029 0:00,35000000,22,0,,0.0,1.0,8,0,2,1,2633
424881,2022-07-10,22/23,27,703,Bayern Munich,Nottm Forest,8500000,7000000.0,Omar Richards,2/15/1998 0:00,England,Defender,174.0,6/30/2025 0:00,7000000,24,0,314.0,1.0,0.0,0,0,0,0,0
503680,2022-07-10,22/23,31,703,Liverpool,Nottm Forest,20000000,8000000.0,Neco Williams,4/13/2001 0:00,Wales,Defender,183.0,6/30/2026 0:00,20000000,21,0,225.0,0.0,1.0,1,0,0,1,587
468198,2022-07-09,22/23,124,180,Rangers,Southampton,7100000,10000000.0,Joe Aribo,7/21/1996 0:00,Nigeria,Midfield,183.0,6/30/2026 0:00,15000000,25,0,55.25,1.0,0.0,3,0,7,7,2857
591949,2022-07-09,22/23,1025,1148,Bologna,Brentford,14250000,18000000.0,Aaron Hickey,6/10/2002 0:00,Scotland,Defender,185.0,6/30/2026 0:00,30000000,20,0,,1.0,1.0,3,1,0,0,786
506189,2022-07-07,22/23,2288,379,Swansea,West Ham,10650000,2000000.0,Flynn Downes,1/20/1999 0:00,England,Midfield,178.0,6/30/2028 0:00,13000000,23,1,37.835,0.0,1.0,0,0,0,0,0
512385,2022-07-07,22/23,234,399,Feyenoord,Leeds,25000000,25000000.0,Luis Sinisterra,6/17/1999 0:00,Colombia,Attack,172.0,,25000000,23,0,79.5,0.0,1.0,4,0,4,7,1563
291200,2022-07-06,22/23,39,703,1.FSV Mainz 05,Nottm Forest,13800000,18000000.0,Moussa Niakhaté,3/8/1996 0:00,Senegal,Defender,190.0,6/30/2028 0:00,18000000,26,0,30.781,1.0,0.0,10,0,3,1,3077
332705,2022-07-06,22/23,23826,399,RB Leipzig,Leeds,17000000,17000000.0,Tyler Adams,2/14/1999 0:00,United States,Midfield,175.0,6/30/2028 0:00,20000000,23,0,101.0,0.0,1.0,4,0,2,1,2467
339340,2022-07-05,22/23,234,985,Feyenoord,Man Utd,15000000,17000000.0,Tyrell Malacia,8/17/1999 0:00,Netherlands,Defender,169.0,6/30/2026 0:00,22000000,22,1,79.5,1.0,0.0,7,0,0,1,2753
257455,2022-07-04,22/23,336,931,Sporting CP,Fulham,24900000,25000000.0,João Palhinha,7/9/1995 0:00,Portugal,Midfield,190.0,6/30/2028 0:00,60000000,27,1,93.5,0.0,1.0,9,0,1,0,2782
351749,2022-07-04,22/23,399,281,Leeds,Man City,49000000,50000000.0,Kalvin Phillips,12/2/1995 0:00,England,Midfield,179.0,6/30/2025 0:00,50000000,26,1,,0.0,1.0,11,0,1,2,2519
363205,2022-07-04,22/23,281,11,Man City,Arsenal,52200000,50000000.0,Gabriel Jesus,4/3/1997 0:00,Brazil,Attack,175.0,6/30/2027 0:00,80000000,25,1,246.0,0.0,1.0,3,0,14,5,2941
536507,2022-07-03,22/23,1095,703,Troyes,Nottm Forest,10000000,4000000.0,Giulian Biancone,3/31/2000 0:00,France,Defender,187.0,6/30/2025 0:00,8000000,22,0,,0.0,1.0,7,0,1,0,1643
75458,2022-07-01,22/23,12,405,AS Roma,Aston Villa,3500000,2000000.0,Robin Olsen,1/8/1990 0:00,Sweden,Goalkeeper,196.0,6/30/2025 0:00,10000000,32,1,161.0,0.0,1.0,1,0,0,0,960
80444,2022-07-01,22/23,131,405,Barcelona,Aston Villa,20000000,20000000.0,Philippe Coutinho,6/12/1992 0:00,Brazil,Midfield,172.0,6/30/2025 0:00,150000000,30,1,271.0,0.0,1.0,0,0,5,3,870
120629,2022-07-01,22/23,583,379,Paris SG,West Ham,9300000,8000000.0,Alphonse Areola,2/27/1993 0:00,France,Goalkeeper,195.0,6/30/2027 0:00,17500000,29,1,223.0,0.0,1.0,2,0,0,0,3240
192080,2022-07-01,22/23,1132,762,Burnley,Newcastle,11500000,15000000.0,Nick Pope,4/19/1992 0:00,England,Goalkeeper,198.0,6/30/2026 0:00,20000000,30,1,37.835,0.0,1.0,1,0,0,0,2880
250478,2022-07-01,22/23,405,762,Aston Villa,Newcastle,17500000,17000000.0,Matt Targett,9/18/1995 0:00,England,Defender,183.0,6/30/2026 0:00,17000000,26,1,,1.0,0.0,7,0,0,2,3405
292246,2022-07-01,22/23,23826,543,RB Leipzig,Wolves,16700000,16000000.0,Hee-chan Hwang,1/26/1996 0:00,"Korea, South",Attack,177.0,6/30/2028 0:00,25000000,26,0,101.0,0.0,1.0,3,0,3,3,756
295313,2022-07-01,22/23,89,703,Union Berlin,Nottm Forest,20500000,20000000.0,Taiwo Awoniyi,8/12/1997 0:00,Nigeria,Attack,183.0,6/30/2027 0:00,30000000,24,0,30.781,0.0,1.0,0,0,5,4,1456
329145,2022-07-01,22/23,368,405,Sevilla FC,Aston Villa,31000000,40000000.0,Diego Carlos,3/15/1993 0:00,Brazil,Defender,185.0,6/30/2026 0:00,50000000,29,1,217.0,0.0,1.0,16,0,1,1,4406
336869,2022-07-01,22/23,27,399,Bayern Munich,Leeds,12000000,7000000.0,Marc Roca,11/26/1996 0:00,Spain,Midfield,184.0,6/30/2029 0:00,30000000,25,0,314.0,1.0,0.0,3,0,0,0,520
361093,2022-07-01,22/23,1082,762,LOSC Lille,Newcastle,37000000,30000000.0,Sven Botman,1/12/2000 0:00,Netherlands,Defender,195.0,6/30/2027 0:00,45000000,22,1,35.0,1.0,0.0,5,0,0,1,3974
361914,2022-07-01,22/23,273,379,Stade Rennais,West Ham,35000000,12000000.0,Nayef Aguerd,3/30/1996 0:00,Morocco,Defender,190.0,6/30/2025 0:00,38000000,26,1,44.0,1.0,0.0,6,0,3,1,3421
369684,2022-07-01,22/23,409,399,RB Salzburg,Leeds,13000000,15000000.0,Rasmus Kristensen,7/11/1997 0:00,Denmark,Defender,187.0,6/30/2025 0:00,15000000,24,0,114.5,0.0,1.0,0,0,0,0,0
378710,2022-07-01,22/23,29,148,Everton,Tottenham,58000000,48000000.0,Richarlison,5/10/1997 0:00,Brazil,Attack,184.0,6/30/2027 0:00,65000000,25,1,37.835,0.0,1.0,5,1,10,3,3158
393323,2022-07-01,22/23,409,399,RB Salzburg,Leeds,32840000,25000000.0,Brenden Aaronson,10/22/2000 0:00,United States,Midfield,177.0,6/30/2027 0:00,30000000,21,0,114.5,0.0,1.0,0,0,0,0,0
410425,2022-07-01,22/23,1237,148,Brighton,Tottenham,29200000,35000000.0,Yves Bissouma,8/30/1996 0:00,Mali,Midfield,182.0,6/30/2026 0:00,35000000,25,1,,0.0,1.0,9,1,2,0,3335
418560,2022-07-01,22/23,16,281,Bor. Dortmund,Man City,60000000,150000000.0,Erling Haaland,7/21/2000 0:00,Norway,Attack,195.0,6/30/2027 0:00,200000000,21,1,184.0,1.0,0.0,4,0,41,12,3540
425306,2022-07-01,22/23,626,11,New England,Arsenal,5900000,5000000.0,Matt Turner,6/24/1994 0:00,United States,Goalkeeper,191.0,6/30/2025 0:00,10000000,28,1,,0.0,1.0,0,0,0,0,0
467563,2022-07-01,22/23,80,180,VfL Bochum,Southampton,12000000,10000000.0,Armel Bella-Kotchap,12/11/2001 0:00,Germany,Defender,190.0,6/30/2026 0:00,20000000,20,0,,0.0,1.0,0,0,0,0,0
537598,2022-07-01,22/23,720,11,FC Porto,Arsenal,35000000,25000000.0,Fábio Vieira,5/30/2000 0:00,Portugal,Midfield,170.0,6/30/2025 0:00,30000000,22,1,183.0,1.0,0.0,2,0,1,1,550
546543,2022-07-01,22/23,294,31,Benfica,Liverpool,85000000,55000000.0,Darwin Núñez,6/24/1999 0:00,Uruguay,Attack,187.0,6/30/2028 0:00,70000000,23,1,170.0,0.0,1.0,2,0,11,12,2554
559263,2022-07-01,22/23,931,31,Fulham,Liverpool,9400000,12000000.0,Fábio Carvalho,8/30/2002 0:00,Portugal,Midfield,170.0,6/30/2029 0:00,20000000,19,1,,0.0,1.0,0,0,1,0,263
633652,2022-07-01,22/23,370,31,Aberdeen FC,Liverpool,4900000,5000000.0,Calvin Ramsay,7/31/2003 0:00,Scotland,Defender,177.0,5/31/2025 0:00,5000000,18,1,13.0,0.0,1.0,1,0,0,1,313
658536,2022-07-01,22/23,2778,1237,Nordsjaelland,Brighton,8000000,1500000.0,Simon Adingra,1/1/2002 0:00,Cote d'Ivoire,Attack,175.0,6/30/2026 0:00,30000000,20,0,10.755,0.0,1.0,1,0,0,0,101
660867,2022-07-01,22/23,9875,1237,Libertad,Brighton,11600000,11000000.0,Julio Enciso,1/23/2004 0:00,Paraguay,Midfield,173.0,6/30/2026 0:00,22000000,18,0,,0.0,1.0,0,0,0,0,0
668268,2022-07-01,22/23,585,11,São Paulo,Arsenal,3500000,7000000.0,Marquinhos,4/7/2003 0:00,Brazil,Attack,175.0,12/31/2024 0:00,12000000,19,1,,1.0,0.0,0,0,0,0,0
134270,2022-01-31,21/22,1237,762,Brighton,Newcastle,15000000,3500000.0,Dan Burn,5/9/1992 0:00,England,Defender,198.0,6/30/2026 0:00,12000000,29,1,,1.0,0.0,4,0,1,0,1142
228645,2022-01-31,21/22,82,1132,VfL Wolfsburg,Burnley,17500000,20000000.0,Wout Weghorst,8/7/1992 0:00,Netherlands,Attack,197.0,6/30/2026 0:00,30000000,29,0,62.5,0.0,1.0,4,0,7,1,2071
354362,2022-01-31,21/22,506,148,Juventus,Tottenham,19000000,25000000.0,Rodrigo Bentancur,6/25/1997 0:00,Uruguay,Midfield,187.0,6/30/2026 0:00,50000000,24,1,250.0,0.0,1.0,1,0,0,3,1586
389253,2022-01-31,21/22,1247,11,Colorado,Arsenal,1800000,2000000.0,Auston Trusty,8/12/1998 0:00,United States,Defender,190.0,6/30/2029 0:00,10000000,23,1,,1.0,0.0,0,0,0,0,0
420002,2022-01-31,21/22,39,873,1.FSV Mainz 05,Crystal Palace,11000000,5000000.0,Jean-Philippe Mateta,6/28/1997 0:00,France,Attack,192.0,6/30/2026 0:00,22000000,24,0,30.942,0.0,1.0,0,0,2,1,365
576024,2022-01-31,21/22,209,281,River Plate,Man City,21400000,20000000.0,Julián Alvarez,1/31/2000 0:00,Argentina,Attack,170.0,6/30/2030 0:00,90000000,22,1,,0.0,1.0,0,0,0,0,0
586986,2022-01-31,21/22,22,873,Derby,Crystal Palace,1180000,,Luke Plange,11/4/2002 0:00,England,Attack,188.0,12/31/2024 0:00,1200000,19,0,,0.0,1.0,0,0,0,0,11
339314,2022-01-30,21/22,3948,1237,Union SG,Brighton,7000000,5000000.0,Deniz Undav,7/19/1996 0:00,Germany,Attack,179.0,6/30/2027 0:00,28000000,25,0,,1.0,1.0,2,0,16,10,2027
480692,2022-01-30,21/22,720,31,FC Porto,Liverpool,52000000,40000000.0,Luis Díaz,1/13/1997 0:00,Colombia,Attack,180.0,6/30/2027 0:00,80000000,25,1,185.0,0.0,1.0,3,0,16,5,2076
520624,2022-01-30,21/22,1041,762,Olympique Lyon,Newcastle,42100000,30000000.0,Bruno Guimarães,11/16/1997 0:00,Brazil,Midfield,182.0,6/30/2028 0:00,85000000,24,1,132.5,0.0,1.0,2,0,0,6,1872
695454,2022-01-17,21/22,1465,543,Estoril Praia,Wolves,3500000,1000000.0,Chiquinho,2/5/2000 0:00,Portugal,Attack,179.0,6/30/2025 0:00,3000000,21,0,20.542,0.0,1.0,5,0,3,3,930
108725,2022-01-13,21/22,1132,762,Burnley,Newcastle,30000000,6000000.0,Chris Wood,12/7/1991 0:00,New Zealand,Attack,191.0,6/30/2025 0:00,18000000,30,1,36.52,0.0,1.0,1,0,3,0,1424
126664,2022-01-13,21/22,29,405,Everton,Aston Villa,30000000,30000000.0,Lucas Digne,7/20/1993 0:00,France,Defender,178.0,6/30/2026 0:00,35000000,28,1,36.52,1.0,0.0,4,0,0,0,1170
95810,2022-01-07,21/22,13,762,Atlético Madrid,Newcastle,14000000,18000000.0,Kieran Trippier,9/19/1990 0:00,England,Defender,173.0,6/30/2026 0:00,35000000,31,1,235.0,0.0,1.0,1,0,0,0,1199
262489,2022-01-05,21/22,504,543,Grasshoppers,Wolves,600000,1300000.0,Hayao Kawabe,9/8/1995 0:00,Japan,Midfield,178.0,,5000000,26,0,12.35,0.0,1.0,0,0,0,0,0
554284,2022-01-05,21/22,324,1237,Pogon Szczecin,Brighton,11000000,10000000.0,Kacper Kozlowski,10/16/2003 0:00,Poland,Midfield,182.0,6/30/2027 0:00,10000000,18,0,,0.0,1.0,0,0,0,0,0
424015,2022-01-04,21/22,124,29,Rangers,Everton,14000000,3000000.0,Nathan Patterson,10/16/2001 0:00,Scotland,Defender,189.0,6/30/2027 0:00,16000000,20,1,51.25,0.0,1.0,1,0,0,1,436
404842,2022-01-01,21/22,338,29,Dynamo Kyiv,Everton,23500000,17000000.0,Vitaliy Mykolenko,5/29/1999 0:00,Ukraine,Defender,180.0,6/30/2026 0:00,28000000,22,1,105.0,1.0,0.0,2,0,0,3,1818
214666,2021-08-31,21/22,2288,1132,Swansea,Burnley,2900000,4500000.0,Connor Roberts,9/23/1995 0:00,Wales,Defender,175.0,6/30/2025 0:00,8000000,25,0,36.52,0.0,1.0,0,0,0,0,0
284857,2021-08-31,21/22,3709,1237,Getafe,Brighton,18000000,20000000.0,Marc Cucurella,7/22/1998 0:00,Spain,Defender,173.0,6/30/2028 0:00,55000000,23,0,40.227,1.0,0.0,9,0,3,2,3415
293200,2021-08-31,21/22,2410,379,CSKA Moscow,West Ham,30000000,30000000.0,Nikola Vlašić,10/4/1997 0:00,Croatia,Midfield,179.0,6/30/2027 0:00,30000000,23,1,64.5,0.0,1.0,4,0,12,6,2992
331560,2021-08-31,21/22,1025,11,Bologna,Arsenal,18600000,20000000.0,Takehiro Tomiyasu,11/5/1998 0:00,Japan,Defender,188.0,6/30/2026 0:00,35000000,22,1,,0.0,1.0,4,0,2,0,2929
344152,2021-08-31,21/22,371,873,Celtic,Crystal Palace,16300000,17000000.0,Odsonne Edouard,1/16/1998 0:00,France,Attack,187.0,6/30/2025 0:00,20000000,23,0,76.0,0.0,1.0,2,0,21,6,3062
476344,2021-08-31,21/22,131,148,Barcelona,Tottenham,25000000,25000000.0,Emerson Royal,1/14/1999 0:00,Brazil,Defender,183.0,6/30/2028 0:00,30000000,22,1,286.0,0.0,1.0,9,1,2,4,3181
776798,2021-08-31,21/22,62,1237,Slavia Prague,Brighton,8000000,11000000.0,Abdallah Sima,6/17/2001 0:00,Senegal,Attack,188.0,6/30/2025 0:00,11000000,20,0,53.5,0.0,1.0,0,0,0,0,0
234781,2021-08-29,21/22,1041,1132,Olympique Lyon,Burnley,15000000,12000000.0,Maxwel Cornet,9/27/1996 0:00,Cote d'Ivoire,Attack,179.0,6/30/2025 0:00,18000000,24,0,132.5,1.0,0.0,6,0,3,5,2726
157509,2021-08-28,21/22,631,379,Chelsea,West Ham,35000000,32000000.0,Kurt Zouma,10/27/1994 0:00,France,Defender,190.0,6/30/2025 0:00,35000000,26,1,242.0,0.0,1.0,3,0,5,0,3009
207014,2021-08-28,21/22,1010,873,Watford,Crystal Palace,7000000,7000000.0,Will Hughes,4/17/1995 0:00,England,Midfield,185.0,6/30/2025 0:00,18000000,26,0,,1.0,0.0,0,0,0,0,0
568693,2021-08-27,21/22,347,148,FC Metz,Tottenham,16900000,10000000.0,Pape Matar Sarr,9/14/2002 0:00,Senegal,Midfield,184.0,6/30/2030 0:00,45000000,18,1,,0.0,1.0,5,0,3,0,1593
316264,2021-08-20,21/22,418,11,Real Madrid,Arsenal,35000000,40000000.0,Martin Ødegaard,12/17/1998 0:00,Norway,Midfield,178.0,6/30/2028 0:00,110000000,22,1,378.0,1.0,0.0,0,0,2,2,1657
427568,2021-08-20,21/22,350,11,Sheff Utd,Arsenal,28000000,12000000.0,Aaron Ramsdale,5/14/1998 0:00,England,Goalkeeper,190.0,6/30/2028 0:00,40000000,23,1,,0.0,1.0,1,0,0,0,3780
164770,2021-08-14,21/22,418,985,Real Madrid,Man Utd,40000000,70000000.0,Raphaël Varane,4/25/1993 0:00,France,Defender,191.0,6/30/2026 0:00,80000000,28,1,378.0,0.0,1.0,4,0,2,0,3661
99331,2021-08-13,21/22,180,1003,Southampton,Leicester,17600000,18000000.0,Jannik Vestergaard,8/3/1992 0:00,Denmark,Defender,199.0,6/30/2027 0:00,20000000,29,0,36.52,1.0,1.0,4,1,3,0,2742
340329,2021-08-13,21/22,11,762,Arsenal,Newcastle,29400000,16000000.0,Joe Willock,8/20/1999 0:00,England,Midfield,186.0,6/30/2027 0:00,38000000,21,1,172.0,0.0,1.0,2,0,11,3,1632
96341,2021-08-12,21/22,46,631,Inter,Chelsea,113000000,100000000.0,Romelu Lukaku,5/13/1993 0:00,Belgium,Attack,191.0,6/30/2027 0:00,100000000,28,1,118.0,1.0,0.0,7,0,35,11,4010
451677,2021-08-12,21/22,1091,1123,PAOK Salonika,Norwich,11000000,12000000.0,Christos Tzolis,1/30/2002 0:00,Greece,Attack,179.0,6/30/2028 0:00,18000000,19,0,54.5,0.0,1.0,3,0,16,9,2611
250426,2021-08-10,21/22,164,180,Blackburn,Southampton,17700000,18000000.0,Adam Armstrong,2/10/1997 0:00,England,Attack,173.0,6/30/2027 0:00,18000000,24,0,,0.0,1.0,0,0,0,0,0
388165,2021-08-10,21/22,1158,1148,FC Lorient,Brentford,10000000,10000000.0,Yoane Wissa,9/3/1996 0:00,DR Congo,Attack,176.0,6/30/2026 0:00,28000000,24,0,,0.0,1.0,2,0,10,5,2685
504849,2021-08-10,21/22,9598,1237,Kawasaki Front.,Brighton,3000000,1800000.0,Kaoru Mitoma,5/20/1997 0:00,Japan,Attack,178.0,6/30/2027 0:00,50000000,24,0,,0.0,1.0,0,0,0,0,0
203460,2021-08-05,21/22,405,281,Aston Villa,Man City,117500000,65000000.0,Jack Grealish,9/10/1995 0:00,England,Attack,180.0,6/30/2027 0:00,100000000,25,1,,0.0,1.0,5,0,6,12,2185
134294,2021-08-04,21/22,180,405,Southampton,Aston Villa,29400000,22000000.0,Danny Ings,7/23/1992 0:00,England,Attack,177.0,6/30/2025 0:00,22000000,29,1,36.52,0.0,1.0,1,0,13,4,2443
387626,2021-08-04,21/22,15,405,B. Leverkusen,Aston Villa,32000000,35000000.0,Leon Bailey,8/9/1997 0:00,Jamaica,Attack,178.0,6/30/2027 0:00,45000000,24,1,129.0,1.0,0.0,7,0,13,11,2778
418561,2021-07-31,21/22,76,399,Vålerenga,Leeds,2400000,2000000.0,Kristoffer Klaesson,11/27/2000 0:00,Norway,Goalkeeper,189.0,6/30/2025 0:00,2000000,20,0,9.115,1.0,0.0,0,0,0,0,0
335721,2021-07-30,21/22,1237,11,Brighton,Arsenal,58500000,28000000.0,Ben White,10/8/1997 0:00,England,Defender,186.0,6/30/2028 0:00,55000000,23,1,,0.0,1.0,0,0,0,0,0
260827,2021-07-28,21/22,1041,873,Olympique Lyon,Crystal Palace,17500000,22000000.0,Joachim Andersen,5/31/1996 0:00,Denmark,Defender,192.0,6/30/2029 0:00,35000000,25,0,132.5,0.0,1.0,4,0,2,0,1893
537382,2021-07-26,21/22,368,148,Sevilla FC,Tottenham,25000000,30000000.0,Bryan Gil,2/11/2001 0:00,Spain,Attack,175.0,6/30/2025 0:00,30000000,20,1,196.0,1.0,0.0,4,0,2,1,810
401173,2021-07-23,21/22,16,985,Bor. Dortmund,Man Utd,85000000,100000000.0,Jadon Sancho,3/25/2000 0:00,England,Attack,180.0,6/30/2025 0:00,130000000,21,1,196.0,0.0,1.0,2,0,20,20,3277
328658,2021-07-21,21/22,371,1148,Celtic,Brentford,15700000,7000000.0,Kristoffer Ajer,4/17/1998 0:00,Norway,Defender,198.0,6/30/2028 0:00,18000000,23,0,76.0,0.0,1.0,5,0,3,2,3648
421637,2021-07-20,21/22,865,1148,FC Midtjylland,Brentford,10000000,6000000.0,Frank Onyeka,1/1/1998 0:00,Nigeria,Midfield,183.0,6/30/2025 0:00,10000000,23,0,30.5,0.0,1.0,9,0,3,0,1911
381967,2021-07-19,21/22,58,11,RSC Anderlecht,Arsenal,17500000,12000000.0,Albert Sambi Lokonga,10/22/1999 0:00,Belgium,Midfield,183.0,6/30/2025 0:00,16000000,21,1,64.5,0.0,1.0,4,0,0,3,1994
392757,2021-07-18,21/22,631,873,Chelsea,Crystal Palace,23340000,10000000.0,Marc Guéhi,7/13/2000 0:00,England,Defender,182.0,6/30/2026 0:00,45000000,21,0,242.0,0.0,1.0,0,0,0,0,0
249994,2021-07-15,21/22,683,543,Olympiacos,Wolves,8000000,7500000.0,José Sá,1/17/1993 0:00,Portugal,Goalkeeper,192.0,6/30/2027 0:00,18000000,28,0,100.0,0.0,1.0,3,0,0,0,3630
377393,2021-07-13,21/22,417,1123,OGC Nice,Norwich,3900000,7000000.0,Pierre Lees-Melou,5/25/1993 0:00,France,Midfield,185.0,6/30/2027 0:00,10000000,28,0,23.349,0.0,1.0,5,0,5,6,2253
535955,2021-07-10,21/22,294,11,Benfica,Arsenal,8000000,7000000.0,Nuno Tavares,1/26/2000 0:00,Portugal,Defender,183.0,6/30/2025 0:00,18000000,21,1,171.0,1.0,0.0,2,0,1,4,1286
578391,2021-07-09,21/22,1420,543,Angers SCO,Wolves,11100000,18000000.0,Rayan Aït-Nouri,6/6/2001 0:00,Algeria,Defender,180.0,6/30/2026 0:00,35000000,20,0,,1.0,0.0,3,0,0,3,1286
566723,2021-07-08,21/22,1032,873,Reading,Crystal Palace,9300000,15000000.0,Michael Olise,12/12/2001 0:00,France,Attack,184.0,6/30/2029 0:00,65000000,19,0,,1.0,0.0,0,0,0,0,0
318523,2021-07-02,21/22,3911,180,Stade Brestois,Southampton,12000000,8000000.0,Romain Perraud,9/22/1997 0:00,France,Defender,173.0,6/30/2029 0:00,12000000,23,0,,1.0,0.0,1,0,0,1,1669
344605,2021-07-02,21/22,1082,1003,LOSC Lille,Leicester,20000000,28000000.0,Boubakary Soumaré,2/27/1999 0:00,France,Midfield,188.0,6/30/2026 0:00,28000000,22,0,41.0,0.0,1.0,2,1,0,0,1743
417346,2021-07-02,21/22,281,399,Man City,Leeds,12800000,15000000.0,Jack Harrison,11/20/1996 0:00,England,Attack,175.0,6/30/2025 0:00,28000000,24,0,220.0,1.0,0.0,0,0,0,0,0
121477,2021-07-01,21/22,1010,379,Watford,West Ham,2300000,3000000.0,Craig Dawson,5/6/1990 0:00,England,Defender,188.0,6/30/2025 0:00,8000000,31,1,,0.0,1.0,6,0,2,0,2449
291739,2021-07-01,21/22,86,1123,Werder Bremen,Norwich,11000000,9000000.0,Milot Rashica,6/28/1996 0:00,Kosovo,Attack,178.0,6/30/2027 0:00,35000000,25,0,,0.0,1.0,2,0,11,8,2621
295630,2021-07-01,21/22,1091,1123,PAOK Salonika,Norwich,7500000,7000000.0,Dimitrios Giannoulis,10/17/1995 0:00,Greece,Defender,178.0,6/30/2028 0:00,7000000,25,0,54.5,1.0,0.0,6,1,1,5,3124
321247,2021-07-01,21/22,1123,405,Norwich,Aston Villa,38400000,35000000.0,Emiliano Buendía,12/25/1996 0:00,Argentina,Midfield,172.0,6/30/2026 0:00,35000000,24,1,,0.0,1.0,6,1,1,8,2650
357119,2021-07-01,21/22,23826,31,RB Leipzig,Liverpool,40000000,35000000.0,Ibrahima Konaté,5/25/1999 0:00,France,Defender,194.0,6/30/2026 0:00,45000000,22,1,83.0,0.0,1.0,3,0,0,0,771
365172,2021-07-01,21/22,409,1003,RB Salzburg,Leicester,30000000,22000000.0,Patson Daka,10/9/1998 0:00,Zambia,Attack,183.0,6/30/2026 0:00,22000000,22,0,106.5,0.0,1.0,0,0,0,0,0
469050,2021-07-01,21/22,512,1132,Stoke City,Burnley,14000000,8000000.0,Nathan Collins,4/30/2001 0:00,Ireland,Defender,193.0,6/30/2029 0:00,25000000,20,0,,0.0,1.0,0,0,0,0,0
716276,2021-07-01,21/22,8172,543,Atl. Nacional,Wolves,5200000,1700000.0,Yerson Mosquera,5/2/2001 0:00,Colombia,Defender,188.0,6/30/2026 0:00,6000000,20,0,20.542,0.0,1.0,0,0,0,0,0
257097,2021-02-01,20/21,466,31,Preston,Liverpool,1850000,2400000.0,Ben Davies,8/11/1995 0:00,England,Defender,185.0,5/31/2025 0:00,3500000,25,1,,1.0,0.0,0,0,0,0,0
687626,2021-02-01,20/21,19309,1237,Independiente,Brighton,28200000,5000000.0,Moisés Caicedo,11/2/2001 0:00,Ecuador,Midfield,178.0,6/30/2031 0:00,90000000,19,0,,0.0,1.0,0,0,0,0,0
290532,2021-01-29,20/21,1148,379,Brentford,West Ham,23100000,22000000.0,Saïd Benrahma,8/10/1995 0:00,Algeria,Attack,172.0,6/30/2027 0:00,25000000,25,1,,0.0,1.0,0,0,0,3,791
174094,2021-01-26,20/21,244,405,Marseille,Aston Villa,15800000,20000000.0,Morgan Sanson,8/18/1994 0:00,France,Midfield,180.0,6/30/2027 0:00,28000000,26,1,72.0,0.0,1.0,3,0,2,3,1234
536835,2021-01-02,20/21,800,985,Atalanta BC,Man Utd,21300000,15000000.0,Amad Diallo,7/11/2002 0:00,Cote d'Ivoire,Attack,173.0,6/30/2025 0:00,22000000,18,1,50.5,1.0,0.0,1,0,0,0,35
542690,2021-01-01,20/21,1177,379,Silkeborg IF,West Ham,1600000,400000.0,Frederik Alves,11/8/1999 0:00,Denmark,Defender,195.0,6/30/2026 0:00,2500000,21,1,,0.0,1.0,0,0,0,0,0
128899,2020-10-16,20/21,512,873,Stoke City,Crystal Palace,1100000,3500000.0,Jack Butland,3/10/1993 0:00,England,Goalkeeper,196.0,5/31/2027 0:00,22000000,27,0,35.37,0.0,1.0,0,0,0,0,0
297212,2020-10-16,20/21,2288,148,Swansea,Tottenham,12100000,7000000.0,Joe Rodon,10/22/1997 0:00,Wales,Defender,193.0,6/30/2028 0:00,10000000,23,1,35.37,0.0,1.0,0,0,0,0,0
230784,2020-10-05,20/21,13,11,Atlético Madrid,Arsenal,50000000,40000000.0,Thomas Partey,6/13/1993 0:00,Ghana,Midfield,185.0,6/30/2025 0:00,50000000,27,1,246.0,0.0,1.0,16,0,4,1,3572
343475,2020-10-05,20/21,1123,29,Norwich,Everton,27500000,16000000.0,Ben Godfrey,1/15/1998 0:00,England,Defender,184.0,6/30/2029 0:00,25000000,22,1,,0.0,1.0,3,1,0,0,2886
676318,2020-10-05,20/21,861,985,Peñarol,Man Utd,8650000,1800000.0,Facundo Pellistri,12/20/2001 0:00,Uruguay,Attack,175.0,6/30/2028 0:00,10000000,18,1,,0.0,1.0,0,0,0,0,0
384461,2020-10-04,20/21,238,1237,Lech Poznan,Brighton,11000000,3000000.0,Jakub Moder,4/7/1999 0:00,Poland,Midfield,191.0,6/30/2025 0:00,12000000,21,0,13.0,0.0,1.0,0,0,0,0,0
157672,2020-10-02,20/21,62,379,Slavia Prague,West Ham,6000000,2000000.0,Vladimír Coufal,8/22/1992 0:00,Czech Republic,Defender,174.0,6/30/2025 0:00,12000000,28,1,43.5,0.0,1.0,0,0,0,0,0
475411,2020-10-02,20/21,618,1003,Saint-Étienne,Leicester,35000000,10000000.0,Wesley Fofana,12/17/2000 0:00,France,Defender,186.0,6/30/2029 0:00,65000000,19,0,28.5,0.0,1.0,5,0,1,0,1395
345468,2020-10-01,20/21,527,1237,Lausanne-Sport,Brighton,4000000,1500000.0,Andi Zeqiri,6/22/1999 0:00,Switzerland,Attack,185.0,6/30/2025 0:00,4500000,21,0,,1.0,0.0,0,0,0,0,0
258004,2020-09-29,20/21,294,281,Benfica,Man City,71600000,35000000.0,Rúben Dias,5/14/1997 0:00,Portugal,Defender,187.0,6/30/2027 0:00,80000000,23,1,172.0,0.0,1.0,8,0,3,3,3960
231572,2020-09-23,20/21,131,543,Barcelona,Wolves,32000000,40000000.0,Nélson Semedo,11/16/1993 0:00,Portugal,Defender,177.0,6/30/2025 0:00,40000000,26,0,301.0,0.0,1.0,5,0,1,6,2814
205657,2020-09-21,20/21,2969,11,Dijon,Arsenal,2000000,1200000.0,Rúnar Alex Rúnarsson,2/18/1995 0:00,Iceland,Goalkeeper,186.0,6/30/2027 0:00,4500000,25,1,,0.0,1.0,0,0,0,0,900
131996,2020-09-19,20/21,1041,405,Olympique Lyon,Aston Villa,18400000,9500000.0,Bertrand Traoré,9/6/1995 0:00,Burkina Faso,Attack,181.0,6/30/2026 0:00,20000000,25,1,128.5,1.0,0.0,6,0,2,3,1480
282429,2020-09-19,20/21,418,148,Real Madrid,Tottenham,30000000,25000000.0,Sergio Reguilón,12/16/1996 0:00,Spain,Defender,178.0,6/30/2025 0:00,28000000,23,1,372.0,1.0,0.0,9,0,2,4,2695
340950,2020-09-19,20/21,543,31,Wolves,Liverpool,44700000,28000000.0,Diogo Jota,12/4/1996 0:00,Portugal,Attack,178.0,6/30/2027 0:00,60000000,23,1,35.37,0.0,1.0,6,0,15,4,2858
60444,2020-09-18,20/21,27,31,Bayern Munich,Liverpool,22000000,48000000.0,Thiago Alcântara,4/11/1991 0:00,Spain,Midfield,174.0,,70000000,29,1,324.0,0.0,1.0,10,0,3,2,2647
111873,2020-09-16,20/21,11,405,Arsenal,Aston Villa,17400000,8000000.0,Emiliano Martínez,9/2/1992 0:00,Argentina,Goalkeeper,195.0,6/30/2029 0:00,35000000,28,1,191.0,0.0,1.0,2,0,0,0,1760
576314,2020-09-10,20/21,132,1237,NAC Breda,Brighton,2000000,1800000.0,Jan Paul van Hecke,6/8/2000 0:00,Netherlands,Defender,189.0,6/30/2027 0:00,22000000,20,0,,0.0,1.0,0,0,0,0,0
324358,2020-09-09,20/21,1148,405,Brentford,Aston Villa,34000000,12000000.0,Ollie Watkins,12/30/1995 0:00,England,Attack,180.0,6/30/2028 0:00,65000000,24,1,,0.0,1.0,0,0,0,0,0
341317,2020-09-09,20/21,984,350,West Brom,Sheff Utd,6500000,4800000.0,Oliver Burke,4/7/1997 0:00,Scotland,Attack,188.0,6/30/2025 0:00,12000000,23,0,,0.0,1.0,2,0,1,2,1439
127187,2020-09-08,20/21,1010,29,Watford,Everton,22000000,20000000.0,Abdoulaye Doucouré,1/1/1993 0:00,Mali,Midfield,183.0,6/30/2025 0:00,25000000,27,1,,0.0,1.0,9,0,4,2,3167
346018,2020-09-08,20/21,1123,762,Norwich,Newcastle,16500000,11000000.0,Jamal Lewis,1/25/1998 0:00,Northern Ireland,Defender,178.0,6/30/2025 0:00,17000000,22,1,,1.0,0.0,4,0,1,0,2723
490224,2020-09-08,20/21,10217,350,Sarpsborg 08,Sheff Utd,2000000,100000.0,Ismaila Coulibaly,12/25/2000 0:00,Mali,Midfield,183.0,,3000000,19,0,8.05,0.0,1.0,0,0,0,0,0
123682,2020-09-07,20/21,989,762,Bournemouth,Newcastle,22250000,20000000.0,Callum Wilson,2/27/1992 0:00,England,Attack,180.0,6/30/2025 0:00,30000000,28,1,,0.0,1.0,9,0,9,3,2936
258885,2020-09-07,20/21,22,350,Derby,Sheff Utd,3850000,1600000.0,Max Lowe,5/11/1997 0:00,England,Defender,175.0,,3500000,23,0,,1.0,0.0,0,0,0,0,0
465717,2020-09-07,20/21,22,350,Derby,Sheff Utd,3850000,6300000.0,Jayden Bogle,7/27/2000 0:00,England,Defender,178.0,6/30/2028 0:00,7000000,20,0,,0.0,1.0,0,0,0,0,0
505653,2020-09-05,20/21,720,543,FC Porto,Wolves,40000000,12000000.0,Fábio Silva,7/19/2002 0:00,Portugal,Attack,185.0,6/30/2025 0:00,25000000,18,0,185.0,0.0,1.0,0,0,1,1,318
309400,2020-09-04,20/21,15,631,B. Leverkusen,Chelsea,80000000,81000000.0,Kai Havertz,6/11/1999 0:00,Germany,Attack,193.0,6/30/2028 0:00,90000000,21,1,131.0,1.0,0.0,3,0,17,9,3617
262226,2020-09-03,20/21,800,1003,Atalanta BC,Leicester,20900000,18000000.0,Timothy Castagne,12/5/1995 0:00,Belgium,Defender,185.0,6/30/2027 0:00,28000000,24,0,50.5,0.0,1.0,5,0,2,3,2089
425334,2020-09-03,20/21,703,405,Nottm Forest,Aston Villa,15750000,4800000.0,Matty Cash,8/7/1997 0:00,Poland,Defender,185.0,6/30/2027 0:00,28000000,23,1,,0.0,1.0,0,0,0,0,0
288255,2020-09-02,20/21,610,985,Ajax,Man Utd,39000000,44000000.0,Donny van de Beek,4/18/1997 0:00,Netherlands,Midfield,184.0,6/30/2028 0:00,55000000,23,1,155.5,0.0,1.0,5,0,10,10,3081
606718,2020-09-02,20/21,1465,543,Estoril Praia,Wolves,789000,,Toti,1/16/1999 0:00,Portugal,Defender,187.0,6/30/2029 0:00,20000000,21,0,20.326,1.0,0.0,0,0,0,0,0
435338,2020-09-01,20/21,1082,11,LOSC Lille,Arsenal,26000000,20000000.0,Gabriel Magalhães,12/19/1997 0:00,Brazil,Defender,190.0,6/30/2027 0:00,75000000,22,1,33.0,1.0,0.0,5,0,1,0,2627
171679,2020-08-30,20/21,543,148,Wolves,Tottenham,16800000,16000000.0,Matt Doherty,1/16/1992 0:00,Ireland,Defender,185.0,6/30/2026 0:00,20000000,28,1,35.37,0.0,1.0,2,0,7,5,3749
479999,2020-08-28,20/21,1039,873,QPR,Crystal Palace,17800000,9000000.0,Eberechi Eze,6/29/1998 0:00,England,Midfield,178.0,6/30/2027 0:00,60000000,22,0,,0.0,1.0,0,0,0,0,0
316125,2020-08-26,20/21,1003,631,Leicester,Chelsea,50200000,40000000.0,Ben Chilwell,12/21/1996 0:00,England,Defender,180.0,6/30/2027 0:00,50000000,23,1,35.37,1.0,0.0,3,0,3,4,2645
427568,2020-08-19,20/21,989,350,Bournemouth,Sheff Utd,20500000,12500000.0,Aaron Ramsdale,5/14/1998 0:00,England,Goalkeeper,190.0,6/30/2028 0:00,40000000,22,0,,0.0,1.0,0,0,0,1,3330
563963,2020-08-12,20/21,366,180,Real Valladolid,Southampton,12000000,12000000.0,Mohammed Salisu,4/17/1999 0:00,Ghana,Defender,188.0,6/30/2028 0:00,18000000,21,0,,1.0,0.0,4,0,1,1,2846
167799,2020-08-11,20/21,180,148,Southampton,Tottenham,16600000,20000000.0,Pierre-Emile Højbjerg,8/5/1995 0:00,Denmark,Midfield,185.0,6/30/2025 0:00,45000000,25,1,35.37,0.0,1.0,5,0,0,1,2930
341051,2020-08-11,20/21,148,180,Tottenham,Southampton,13300000,8000000.0,Kyle Walker-Peters,4/13/1997 0:00,England,Defender,173.0,6/30/2025 0:00,25000000,23,0,150.0,0.0,1.0,1,0,0,0,1036
338070,2020-08-10,20/21,683,31,Olympiacos,Liverpool,13000000,9000000.0,Konstantinos Tsimikas,5/12/1996 0:00,Greece,Defender,179.0,6/30/2027 0:00,22000000,24,1,108.0,1.0,0.0,7,0,0,7,3197
177476,2020-08-05,20/21,989,281,Bournemouth,Man City,45300000,28000000.0,Nathan Aké,2/18/1995 0:00,Netherlands,Defender,180.0,6/30/2027 0:00,42000000,25,1,,1.0,0.0,2,0,2,2,2595
398184,2020-08-04,20/21,1049,281,Valencia,Man City,33500000,45000000.0,Ferran Torres,2/29/2000 0:00,Spain,Attack,184.0,6/30/2027 0:00,50000000,20,1,119.0,0.0,1.0,6,0,6,8,3106
258916,2020-07-30,20/21,29,1123,Everton,Norwich,2200000,2000000.0,Kieran Dowell,10/10/1997 0:00,England,Midfield,183.0,5/31/2026 0:00,3000000,22,0,35.37,1.0,0.0,0,0,0,0,90
111195,2020-07-29,20/21,610,1237,Ajax,Brighton,1000000,8000000.0,Joël Veltman,1/15/1992 0:00,Netherlands,Defender,184.0,6/30/2025 0:00,10000000,28,0,155.5,0.0,1.0,5,0,1,0,878
649452,2020-07-29,20/21,354,281,KV Mechelen,Man City,4500000,1300000.0,Issa Kaboré,5/12/2001 0:00,Burkina Faso,Defender,180.0,6/30/2025 0:00,10000000,19,1,,0.0,1.0,0,0,0,0,0
283628,2020-07-27,20/21,62,379,Slavia Prague,West Ham,16200000,12000000.0,Tomas Soucek,2/27/1995 0:00,Czech Republic,Midfield,192.0,6/30/2027 0:00,45000000,25,1,43.5,0.0,1.0,0,0,0,0,0
591193,2020-07-02,20/21,8524,29,Marseille B,Everton,270000,,Niels Nkounkou,11/1/2000 0:00,France,Defender,180.0,6/30/2028 0:00,7500000,19,1,72.0,1.0,0.0,0,0,0,0,0
170527,2020-07-01,20/21,23826,631,RB Leipzig,Chelsea,53000000,64000000.0,Timo Werner,3/6/1996 0:00,Germany,Attack,180.0,6/30/2025 0:00,80000000,24,1,66.0,0.0,1.0,1,0,19,10,3103
210178,2020-07-01,20/21,614,11,Flamengo,Arsenal,6000000,4800000.0,Pablo Marí,8/31/1993 0:00,Spain,Defender,193.0,6/30/2025 0:00,7000000,26,1,,1.0,0.0,0,0,0,0,0
217111,2020-07-01,20/21,610,631,Ajax,Chelsea,40000000,40000000.0,Hakim Ziyech,3/19/1993 0:00,Morocco,Attack,180.0,6/30/2025 0:00,50000000,27,1,155.5,1.0,0.0,7,0,20,23,4052
348795,2020-07-01,20/21,150,148,Real Betis,Tottenham,32000000,40000000.0,Giovani Lo Celso,4/9/1996 0:00,Argentina,Midfield,177.0,6/30/2028 0:00,50000000,24,1,40.713,1.0,0.0,12,0,16,6,3498
627228,2020-07-01,20/21,776,281,Coritiba FC,Man City,6000000,3600000.0,Yan Couto,6/3/2002 0:00,Brazil,Defender,168.0,6/30/2025 0:00,25000000,18,1,,0.0,1.0,0,0,0,0,0
